"","logFC","AveExpr","t","P.Value","adj.P.Val","B","symbol"
"ENSMUSG00000102185",5.00591659089763,-2.92841937408644,22.3447195237102,3.2569599390933e-11,4.2367315580469e-07,14.9749632805787,"5033404E19Rik"
"ENSMUSG00000085471",5.28912660801659,-2.69037235774868,20.8749921849295,7.28153877645738e-11,4.2367315580469e-07,14.4011660684287,"4933423P22Rik"
"ENSMUSG00000038567",12.7706606192278,6.59375023264382,20.3137825956541,1.00427340819242e-10,4.2367315580469e-07,14.1647733909517,"Cyp24a1"
"ENSMUSG00000023039",1.61545381051184,6.40099201343799,20.0433052155874,1.17613479298963e-10,4.2367315580469e-07,14.0471774595142,"Krt7"
"ENSMUSG00000026247",2.49598811871132,1.39789228969769,17.6354219696944,5.28197458782878e-10,1.5221594367205e-06,12.883466930223,"Ecel1"
"ENSMUSG00000036046",1.29382167843351,5.78274687965652,15.5500036283611,2.28345042030164e-09,4.74221867343961e-06,11.6761592314028,"5031439G07Rik"
"ENSMUSG00000026961",1.85033014589016,4.96032311916832,15.5380835757651,2.30380531015874e-09,4.74221867343961e-06,11.6686390062149,"Lrrc26"
"ENSMUSG00000070530",3.28114323484074,1.86418444314134,15.3547657958108,2.64277887249222e-09,4.75997509671755e-06,11.5520256817318,"Wfdc16"
"ENSMUSG00000041577",3.97634755027644,6.28160867736363,14.3474503857843,5.77598843156624e-09,8.71141837682582e-06,10.8776151266361,"Prelp"
"ENSMUSG00000048234",1.31193203143526,6.17012176877908,14.2385149923502,6.30413302932283e-09,8.71141837682582e-06,10.8011050337999,"Rnf149"
"ENSMUSG00000099839",5.00358698942854,-2.31662384602198,14.1723066762491,6.65039920501659e-09,8.71141837682582e-06,10.7542477997609,"Gm29374"
"ENSMUSG00000035314",1.82422591529826,4.93807272548536,14.015392480435,7.55569921693058e-09,9.07250583472939e-06,10.6421067519139,"Gdpd5"
"ENSMUSG00000002250",0.84132426852498,8.86431591541523,13.8225015468544,8.85469155891127e-09,9.81440389787327e-06,10.5021223412765,"Ppard"
"ENSMUSG00000025854",2.92576010011805,0.949504472016157,13.5898147662995,1.07506346880979e-08,1.10647068014859e-05,10.3300585056479,"Fam20c"
"ENSMUSG00000025189",1.91756452242128,2.53603855724381,13.493343187637,1.16612227995776e-08,1.12017706212743e-05,10.2576747730726,"Cnnm1"
"ENSMUSG00000037621",2.25627106921463,1.38934237374985,13.080584245828,1.66104858852418e-08,1.4958780695028e-05,9.94085098944665,"Atoh8"
"ENSMUSG00000085830",2.20706227252602,1.39902201670519,12.9560372430174,1.85173500998101e-08,1.56950880934214e-05,9.84292679035259,"Grin1os"
"ENSMUSG00000019943",1.66275796507917,8.08610544687346,12.8679297231066,2.00081664738089e-08,1.6016537262284e-05,9.77298600579954,"Atp2b1"
"ENSMUSG00000049686",1.44677622444729,5.08046957181602,12.6785138347026,2.36694863082117e-08,1.79501909586854e-05,9.62072487258017,"Orai1"
"ENSMUSG00000097615",3.35521574439147,3.35261591089558,12.565553593786,2.61918017128714e-08,1.84419068821266e-05,9.52866832137572,"Gm2061"
"ENSMUSG00000074577",5.38547089073914,-1.52430527418301,12.5281337587593,2.70900009782399e-08,1.84419068821266e-05,9.49796380184976,"Ripor3"
"ENSMUSG00000068566",1.33611594450985,6.41980259649932,12.48535927785,2.81575370537015e-08,1.84419068821266e-05,9.46273697977502,"Myadm"
"ENSMUSG00000037434",1.58054308297029,5.30993189564733,12.2839232098639,3.3831251551925e-08,2.11945436352907e-05,9.29497998963985,"Slc30a1"
"ENSMUSG00000032122",3.33744583053383,6.30291674874024,12.1650799143726,3.77471410131461e-08,2.26624397857676e-05,9.19454289825085,"Slc37a2"
"ENSMUSG00000025314",1.91926685310421,5.45518877210608,11.8260095321523,5.18586352806738e-08,2.98892430303692e-05,8.90185723960406,"Ptprj"
"ENSMUSG00000020773",3.73832840667055,0.21609217392501,11.7252325213073,5.70780830451059e-08,3.06912614920177e-05,8.81307702162326,"Trim47"
"ENSMUSG00000075585",1.71726531613932,2.82971498220749,11.7173383611919,5.75101714403829e-08,3.06912614920177e-05,8.80608734845823,"6330403L08Rik"
"ENSMUSG00000040808",3.18599867672707,7.34423443265755,11.3583181127551,8.14171354418976e-08,4.1897839449368e-05,8.4826854060362,"S100g"
"ENSMUSG00000078532",1.62919549624969,2.31471337657688,11.2059522190015,9.46249385383421e-08,4.59169599915282e-05,8.34210312590071,"Nkain1"
"ENSMUSG00000051223",0.86368439314075,8.1798902130087,11.19561859053,9.56005829513391e-08,4.59169599915282e-05,8.33249523766282,"Bzw1"
"ENSMUSG00000056758",1.14705320633413,4.0071342642301,10.8698813104868,1.32641399173974e-07,6.08495991990091e-05,8.0247571314988,"Hmga2"
"ENSMUSG00000041261",1.19855040351662,3.65663719026281,10.8515806005454,1.35136871008973e-07,6.08495991990091e-05,8.00718304855804,"Car8"
"ENSMUSG00000020520",1.14454289581847,6.61981897323493,10.6755567715916,1.61887804656473e-07,7.06861023422763e-05,7.83656890818076,"Galnt10"
"ENSMUSG00000068114",1.51246021831595,4.60754055371006,10.4742958883085,1.99624807722435e-07,8.45998192491932e-05,7.63793023204655,"Ccdc134"
"ENSMUSG00000034570",1.5979706440826,5.01784678510705,10.4126385476696,2.12999720289996e-07,8.61982587131961e-05,7.57630178367696,"Inpp5j"
"ENSMUSG00000034919",1.32329727919607,5.37197947038853,10.3836357854457,2.19621194250912e-07,8.61982587131961e-05,7.54718549299374,"Ttc22"
"ENSMUSG00000024277",1.55107548768791,6.26807845051645,10.3762465875155,2.21343297410525e-07,8.61982587131961e-05,7.53975431813383,"Mapre2"
"ENSMUSG00000036106",0.820628570294899,5.54438763868348,10.2955124058847,2.4113325477963e-07,9.14339228452551e-05,7.45821450033205,"Prr5"
"ENSMUSG00000051295",2.05714383232728,0.0638063099009216,10.0409746934791,3.17012499118197e-07,0.0001171239256357,7.19691565249215,"9630028B13Rik"
"ENSMUSG00000026600",1.80816812098447,6.48698243556168,9.97963529945241,3.38900006890185e-07,0.000122080254982,7.13297289017574,"Soat1"
"ENSMUSG00000073678",1.37694087208674,5.76937834631822,9.93068478105965,3.57530415486135e-07,0.0001256501404082,7.08166934134472,"Pgap1"
"ENSMUSG00000048497",0.60629452230974,4.50568565403395,9.71671897387583,4.52883126427581e-07,0.0001553712611594,6.85450957844487,"Mmgt2"
"ENSMUSG00000020527",0.867910639124712,5.19763151586727,9.67462355131629,4.74675093719713e-07,0.0001585470988884,6.80925408268248,"Myo19"
"ENSMUSG00000020101",1.83083936895677,1.6205131880408,9.6569692415113,4.84146877027599e-07,0.0001585470988884,6.79021863560221,"Vsir"
"ENSMUSG00000022747",-0.82081747779131,5.21104231471376,-9.43833600313645,6.1983472946165e-07,0.0001984710803736,6.55171529602345,"St3gal6"
"ENSMUSG00000024867",0.515790114062004,6.29147768465321,9.19937234038599,8.16186867155755e-07,0.0002556616645401,6.2850653298823,"Pip5k1b"
"ENSMUSG00000003477",4.23846334401464,-2.01242281443544,9.15362413977614,8.60879646098453e-07,0.0002639237195879,6.23329127625418,"Inmt"
"ENSMUSG00000034308",1.51553900016384,4.80140356904005,9.1044337173407,9.11877706411074e-07,0.0002737342889932,6.17735798795901,"Sdr42e1"
"ENSMUSG00000071757",0.800159644541978,4.95765140789627,8.93667716391816,1.11162428259462e-06,0.0003268855977123,5.984529925043,"Zhx2"
"ENSMUSG00000032776",1.84179679177367,3.09941537742406,8.73045632267798,1.42361750110088e-06,0.0004102580914672,5.74301549040748,"Mctp2"
"ENSMUSG00000062729",0.819457926406495,4.67048540014551,8.6510147993594,1.56778939246865e-06,0.0004429466148251,5.64863800747356,"Ppox"
"ENSMUSG00000112627",1.13002576130159,0.638948399611961,8.6013939727552,1.66571707120475e-06,0.0004615637938267,5.58930477128353,"4933412E12Rik"
"ENSMUSG00000035235",1.12288060628981,1.75320199948869,8.57455127557165,1.72140325909454e-06,0.0004679943313262,5.55708456465566,"Trim13"
"ENSMUSG00000008734",2.87405835978954,0.270915301619264,8.53329660533004,1.81090768282491e-06,0.0004832105333671,5.50739533962546,"Gprc5b"
"ENSMUSG00000024376",1.18118471663517,0.558700587477202,8.49836803110828,1.8905832189067e-06,0.0004835058977766,5.46516408532841,"Epb41l4a"
"ENSMUSG00000022377",1.02779871923641,3.39818847471537,8.49823973940084,1.89088268770252e-06,0.0004835058977766,5.46500869731323,"Asap1"
"ENSMUSG00000028972",3.49276089852601,-0.291474063120903,8.48895886736617,1.91268208572899e-06,0.0004835058977766,5.45376230114978,"Car6"
"ENSMUSG00000026614",2.28187638999697,6.88003437496394,8.41121064930737,2.10622189667724e-06,0.0004995515637083,5.3591344584212,"Slc30a10"
"ENSMUSG00000037379",5.71387772521742,-0.789776140634277,8.40457655404796,2.12368041318706e-06,0.0004995515637083,5.35102569216307,"Spon2"
"ENSMUSG00000079402",3.65724022033184,-1.73844096729406,8.39369682228068,2.1526479054016e-06,0.0004995515637083,5.33771580078803,"Gm3020"
"ENSMUSG00000096488",3.65724022033184,-1.73844096729406,8.39369682228068,2.1526479054016e-06,0.0004995515637083,5.33771580078803,"Gm10409"
"ENSMUSG00000111728",-1.30042576136426,2.23540928663944,-8.38340329950889,2.18044401747731e-06,0.0004995515637083,5.32510961487901,"Gm48850"
"ENSMUSG00000020483",0.822313301453717,7.90377960480577,8.38203306788614,2.18417298310964e-06,0.0004995515637083,5.32343054442818,"Dynll2"
"ENSMUSG00000053219",2.41331287312898,0.518479784684682,8.34860178903368,2.27729972260052e-06,0.000506172621787,5.28239219051221,"Raet1e"
"ENSMUSG00000095681",3.01171531191501,2.37441036998903,8.34647018978789,2.2833798609312e-06,0.000506172621787,5.27977086545516,"Gm8281"
"ENSMUSG00000006642",-1.13433614196887,1.66904363378811,-8.32721914422732,2.33908434756981e-06,0.0005106646418808,5.25607143320847,"Tcf23"
"ENSMUSG00000033502",0.880669735779684,4.58643002932284,8.28205177165141,2.47556691020917e-06,0.0005323946807343,5.2002861396993,"Cdc14a"
"ENSMUSG00000062980",2.24047002673884,2.07456328914303,8.25760098233004,2.55298196851341e-06,0.0005363986286886,5.16998123956992,"Cped1"
"ENSMUSG00000029560",1.41221432435066,2.50755576876009,8.24252148928571,2.60201365377569e-06,0.0005363986286886,5.15125403240057,"Snx8"
"ENSMUSG00000035273",1.23916462153552,3.9463631713786,8.24135002034329,2.60586466848555e-06,0.0005363986286886,5.14979799267189,"Hpse"
"ENSMUSG00000031937",1.28497105235386,4.82020955364222,8.22789676707404,2.65052958124619e-06,0.0005379081793827,5.13306435366311,"Vstm5"
"ENSMUSG00000070003",0.857982597379483,4.74702501118624,8.19758241216891,2.75420207636877e-06,0.0005511846905333,5.09527485398623,"Ssbp4"
"ENSMUSG00000052033",0.915830966241728,3.54957370602671,8.17312115828243,2.84101777971254e-06,0.0005607702080531,5.06469730525253,"Pfdn4"
"ENSMUSG00000034792",3.47240692216802,-2.24214582679501,8.13368530175995,2.98719897860142e-06,0.0005774028901026,5.01524152883203,"Gna15"
"ENSMUSG00000006711",-1.52853589934328,3.53529172417555,-8.12891268985543,3.00542832658075e-06,0.0005774028901026,5.00924290667796,"D130043K22Rik"
"ENSMUSG00000025810",1.51984522581423,0.290339981817431,8.06812184627519,3.24832000422087e-06,0.0006132091389722,4.9325821542714,"Nrp1"
"ENSMUSG00000020009",-0.65505695075151,6.47429102783997,-8.0612860654728,3.27691746136898e-06,0.0006132091389722,4.92393234078282,"Ifngr1"
"ENSMUSG00000033721",-1.51940110704868,1.50649102515221,-8.01228795048237,3.48994665517317e-06,0.000643565466519,4.86175612565618,"Vav3"
"ENSMUSG00000024539",0.600472264400332,5.15673856489317,8.00377009953064,3.5284663651192e-06,0.000643565466519,4.85091592125642,"Ptpn2"
"ENSMUSG00000106290",1.61057519909443,0.328160057645035,7.93541158959672,3.85455817242908e-06,0.0006942541088316,4.76358071586597,"Gm43429"
"ENSMUSG00000060803",0.791065310400153,8.68689245806392,7.92531998682823,3.90536414591239e-06,0.0006947208886228,4.75063639292447,"Gstp1"
"ENSMUSG00000040592",2.92484192553933,0.579876131700375,7.90435391978241,4.01321883628477e-06,0.0007052008562442,4.72370129534874,"Cd79b"
"ENSMUSG00000005089",-1.77214830967201,1.13889292919942,-7.78653515977166,4.68155582799459e-06,0.0008127102869319,4.57127213235318,"Slc1a2"
"ENSMUSG00000026235",-1.73542626889456,-0.40796107883426,-7.77150440752295,4.7750201698964e-06,0.0008127102869319,4.55169490116874,"Epha4"
"ENSMUSG00000034579",2.09492621742507,0.906053296924293,7.7684505930561,4.79425181408952e-06,0.0008127102869319,4.54771373222275,"Pla2g3"
"ENSMUSG00000019850",-0.889951183908003,4.37127227828289,-7.75921224709378,4.85293626738739e-06,0.0008130925427533,4.53566247535367,"Tnfaip3"
"ENSMUSG00000032501",0.813997961034,4.84280229507036,7.71670686161419,5.13299874582201e-06,0.0008501307922821,4.48006954238962,"Trib1"
"ENSMUSG00000029377",3.67710520807327,-0.618576966179622,7.70729493875126,5.1973161782094e-06,0.0008510014637706,4.46772728312302,"Ereg"
"ENSMUSG00000092253",2.52609701467438,0.163982435424402,7.67162170477931,5.44901369589645e-06,0.0008749578773614,4.42084056569811,"H2-Q3"
"ENSMUSG00000005360",0.872495806734795,4.94874380746461,7.66940588500928,5.46507106409384e-06,0.0008749578773614,4.41792264019045,"Slc1a3"
"ENSMUSG00000031562",0.72298965559183,3.52046090001737,7.61210075070836,5.89838595228983e-06,0.0009251716104264,4.34223205427387,"Dctd"
"ENSMUSG00000096793",4.02144859508644,-0.437104682546102,7.6109915339939,5.90712666800169e-06,0.0009251716104264,4.34076262834241,"Gm3002"
"ENSMUSG00000028003",-1.2196950074749,3.97188564604553,-7.5524506346143,6.38863119667934e-06,0.0009898256657306,4.2629765517965,"Lrat"
"ENSMUSG00000026836",0.656146603194073,3.94898772121533,7.51674152808259,6.70277348008058e-06,0.0010261226624927,4.21530146508317,"Acvr1"
"ENSMUSG00000097467",1.32633341781468,0.986823231865215,7.50984389908334,6.76533089991029e-06,0.0010261226624927,4.20607260828038,"Gm26737"
"ENSMUSG00000027200",0.791139517122189,5.28329795150212,7.487094687772,6.97610582045084e-06,0.0010402434411944,4.17558905620899,"Sema6d"
"ENSMUSG00000047139",1.00956478042402,8.52383464340717,7.47931299789812,7.04980313254065e-06,0.0010402434411944,4.16514561843058,"Cd24a"
"ENSMUSG00000006567",-0.697151713294168,5.15193576705572,-7.4766710282951,7.07501264744639e-06,0.0010402434411944,4.16159808705429,"Atp7b"
"ENSMUSG00000044017",-1.16004840974446,2.23256392614009,-7.44462416320911,7.38857652097644e-06,0.0010753737281893,4.11849128976024,"Adgrd1"
"ENSMUSG00000091754",1.72307816446958,1.04258023979313,7.37292202462593,8.1451053157017e-06,0.0011736282249394,4.02153629240889,"Gm3636"
"ENSMUSG00000025036",0.645013089435528,2.72168326584409,7.34450302662831,8.46744481412184e-06,0.0012079941814522,3.98291359105653,"Sfxn2"
"ENSMUSG00000060216",0.930281750944891,2.53592670195394,7.32513465008416,8.69490444336391e-06,0.0012245320347427,3.95652750284635,"Arrb2"
"ENSMUSG00000047591",2.56382314100804,-1.9407156519436,7.32024641328552,8.75333469210213e-06,0.0012245320347427,3.94985996014922,"Mafa"
"ENSMUSG00000037905",0.68602367906252,6.90633419602198,7.2875533358869,9.15504442217964e-06,0.0012636842873801,3.9051819964878,"Bri3bp"
"ENSMUSG00000008318",1.35730347491252,-0.465755777909035,7.28330984224475,9.20860921472114e-06,0.0012636842873801,3.89937207239456,"Relt"
"ENSMUSG00000040669",1.01325112488515,3.57483747076609,7.26678470032311,9.42040743479802e-06,0.0012805533087547,3.87672316688005,"Phc1"
"ENSMUSG00000042195",0.963872793568648,6.48861523938362,7.25646237476317,9.55533547915601e-06,0.0012838010072675,3.86255649848765,"Slc35f2"
"ENSMUSG00000028937",0.826806650338209,5.72227353491708,7.25138236673237,9.62249349607178e-06,0.0012838010072675,3.8555791253452,"Acot7"
"ENSMUSG00000021175",1.1006262089681,4.97130934595191,7.19487722529031,1.04043490161051e-05,0.0013753785777344,3.77772804506259,"Cdca7l"
"ENSMUSG00000036473",-0.998212430067205,4.95711233430707,-7.1719742553337,1.07402906640304e-05,0.0014065579909767,3.74604652341718,"Tbc1d24"
"ENSMUSG00000042729",0.489727303181028,4.35244894801657,7.16070884224714,1.09097547859898e-05,0.0014065579909767,3.73043631292822,"Wdr74"
"ENSMUSG00000041438",0.686630391704152,5.11634115507732,7.15917403016764,1.0933062321424e-05,0.0014065579909767,3.72830818962113,"Utp4"
"ENSMUSG00000006442",1.00908175484233,4.4728390337558,7.09072266164684,1.20284414076222e-05,0.001533785949048,3.63306048245344,"Srm"
"ENSMUSG00000055833",1.30501283330976,1.39349043898045,7.05226802672522,1.26945779570346e-05,0.0016045278402009,3.57926375165687,"1700034H15Rik"
"ENSMUSG00000001794",0.640638484636804,7.38154243083619,7.01813988911787,1.33187066572113e-05,0.0016329316422575,3.53134519487969,"Capns1"
"ENSMUSG00000073856",1.12462609898147,-0.378042079777744,7.01710847750611,1.33380701125329e-05,0.0016329316422575,3.52989445409924,"Iqck"
"ENSMUSG00000032121",0.781195126300215,2.27457491367432,7.01577622832078,1.33631257800325e-05,0.0016329316422575,3.52802034527274,"Tmem218"
"ENSMUSG00000038400",0.847283771185808,3.82863020685421,7.01527264472793,1.33726097429657e-05,0.0016329316422575,3.52731187612246,"Pmepa1"
"ENSMUSG00000018387",2.41609029790108,2.50116295981628,7.00819656649933,1.35066335092393e-05,0.0016354376658372,3.51735307026619,"Shroom1"
"ENSMUSG00000034936",-1.31137923580618,2.21507332703705,-6.99447513073182,1.37706145998503e-05,0.001653506548077,3.49802147950183,"Arl4d"
"ENSMUSG00000003500",0.9729307560881,3.49451235556931,6.98583413726965,1.39396691838317e-05,0.0016599726716514,3.48583385519106,"Impdh1"
"ENSMUSG00000094132",2.82645649401065,0.390597622173037,6.97926088284983,1.40697488645728e-05,0.0016617296015543,3.47655557854278,"Gm3264"
"ENSMUSG00000026413",1.50595677455569,5.5569470874502,6.96718188024673,1.43121633294143e-05,0.0016766175724677,3.45948987156749,"Pkp1"
"ENSMUSG00000100826",-0.680650809170406,2.98006424575702,-6.9563541852636,1.45332450908915e-05,0.0016887865202794,3.44417448075639,"Snhg14"
"ENSMUSG00000028010",0.546682323993159,4.24104303971558,6.92610625823202,1.51703308592757e-05,0.0017223191722651,3.40130166936889,"Gar1"
"ENSMUSG00000031627",-0.566371337549156,5.9780456176695,-6.92574948525788,1.51780202452846e-05,0.0017223191722651,3.40079521061689,"Irf2"
"ENSMUSG00000051557",0.731049221741706,2.979134345345,6.92563862119496,1.51804104988323e-05,0.0017223191722651,3.40063782932899,"Pusl1"
"ENSMUSG00000029188",3.31431733960076,0.74361333595012,6.90264926614977,1.56848256317128e-05,0.0017610710215105,3.36796463541726,"Slc34a2"
"ENSMUSG00000020534",0.999884375734219,6.78139347664615,6.89406298465335,1.58777675913274e-05,0.0017610710215105,3.35574223893813,"Shmt1"
"ENSMUSG00000063382",0.730693723081604,6.28291859796629,6.89358300543885,1.5888627440931e-05,0.0017610710215105,3.35505868825432,"Bcl9l"
"ENSMUSG00000121235",1.98182624930011,-0.110992917330345,6.83928856256772,1.71695824492943e-05,0.0018672177025596,3.27752436518151,"Gm57252"
"ENSMUSG00000091418",3.54972783656673,-0.568821496676969,6.83783815671844,1.72052726177654e-05,0.0018672177025596,3.2754473589436,"Gm3164"
"ENSMUSG00000015202",-0.605059585457352,3.5535891499791,-6.83485564339358,1.72789115837631e-05,0.0018672177025596,3.27117540238648,"Cnksr3"
"ENSMUSG00000041926",0.504939495512774,7.90186387880162,6.83140026139547,1.73646451622595e-05,0.0018672177025596,3.26622454786794,"Rnpep"
"ENSMUSG00000031403",0.589710566564299,5.43472356379987,6.81894901281518,1.76773525263705e-05,0.0018849233577517,3.24837028052578,"Dkc1"
"ENSMUSG00000072683",-1.12017514909651,1.51303442272266,-6.81055831900717,1.78914551440892e-05,0.0018849233577517,3.23632605395413,"Gm7457"
"ENSMUSG00000106095",-1.21420214180415,0.776329630256009,-6.8093796801546,1.79217502957862e-05,0.0018849233577517,3.23463339590292,"2010110G14Rik"
"ENSMUSG00000014907",0.624181311744543,3.58705498028317,6.76766106194234,1.90299870392561e-05,0.0019869788641205,3.1745923698218,"Naf1"
"ENSMUSG00000095115",-1.05274752136205,4.21221149064365,-6.7523532195462,1.94547145069793e-05,0.0020167120959069,3.15249876507175,"Itpripl2"
"ENSMUSG00000063952",0.480250281947201,7.11532829741953,6.74506123260532,1.96605694565602e-05,0.0020234938949969,3.14196248320832,"Brpf3"
"ENSMUSG00000091680",-1.51463443122849,-0.19151653172224,-6.73858774803524,1.98452586202286e-05,0.0020280165351693,3.13260245163119,"Klhdc7b"
"ENSMUSG00000013150",0.963332872379581,4.20763372035735,6.73229070315487,2.00266844615267e-05,0.0020321443408883,3.12349174422087,"Gfod2"
"ENSMUSG00000020740",0.547392574506504,4.97056441093297,6.71443812722344,2.05506907537836e-05,0.0020707335879109,3.09763116827618,"Gga3"
"ENSMUSG00000041842",1.18692924591803,4.79695504798539,6.69656088037186,2.10900492793616e-05,0.0021103230560161,3.07168879228325,"Fhdc1"
"ENSMUSG00000046062",0.673454772895669,7.52459795882031,6.68679575314864,2.13910001172329e-05,0.0021256753150979,3.05749874859521,"Ppp1r15b"
"ENSMUSG00000012123",-0.741645928025133,6.06378365489046,-6.67813383508334,2.16617721226401e-05,0.0021378388665419,3.04490028711925,"Crybg2"
"ENSMUSG00000021360",-0.989443140007236,5.02822175318597,-6.66210334229465,2.2172540896979e-05,0.0021733615087385,3.02155587675981,"Gcnt2"
"ENSMUSG00000030691",-1.21668021073528,6.09411770381127,-6.64667922232433,2.26760839331379e-05,0.0022077006310309,2.99905940248055,"Fchsd2"
"ENSMUSG00000095195",4.35567416968032,-1.88519082680832,6.63369233596735,2.31094831776294e-05,0.0022347955913185,2.98009098347832,"Gm3005"
"ENSMUSG00000026806",0.62448324736232,2.9578604255129,6.62479282929625,2.34115546834318e-05,0.0022413483063072,2.96707840850611,"Ddx31"
"ENSMUSG00000042354",0.617022766481027,5.25208522965381,6.62244165621369,2.34920579696195e-05,0.0022413483063072,2.96363868090312,"Gnl3"
"ENSMUSG00000096140",3.83183644332987,-3.47148180976883,6.61803020242383,2.364389912962e-05,0.0022413483063072,2.95718263353944,"Ankrd66"
"ENSMUSG00000034758",1.01204690841535,0.746781852270307,6.60620940490496,2.40559311380829e-05,0.0022655026912982,2.93986928913804,"Tle6"
"ENSMUSG00000025384",0.872595959871641,4.40042571273127,6.58793750469412,2.47079036205904e-05,0.0023111057003641,2.9130674268938,"Faap100"
"ENSMUSG00000022791",0.961204316182098,5.53874387259421,6.58246568558241,2.49067798763397e-05,0.0023111057003641,2.9050317368207,"Tnk2"
"ENSMUSG00000030609",0.787753466441619,4.30795212981486,6.57512790998925,2.51761483008758e-05,0.0023111057003641,2.89424895003168,"Aen"
"ENSMUSG00000097924",0.783860226373836,0.949068544060023,6.57497665493627,2.51817332887203e-05,0.0023111057003641,2.89402659994587,"A730020E08Rik"
"ENSMUSG00000085894",1.19460998273944,1.68357970120595,6.56801547805994,2.54401991690332e-05,0.0023175092689848,2.88378983357851,"Gm15832"
"ENSMUSG00000026036",0.45743957957326,4.34493432930816,6.56117286111295,2.56970105652268e-05,0.0023175092689848,2.87372054808232,"Nif3l1"
"ENSMUSG00000015970",-0.501921418241412,7.24267331675164,-6.56019277372874,2.57340192267042e-05,0.0023175092689848,2.87227773824533,"Chdh"
"ENSMUSG00000030079",0.614224471033507,4.35585318851025,6.54411795771117,2.6349159480177e-05,0.002358167943788,2.84859367481859,"Ruvbl1"
"ENSMUSG00000039084",1.75066820189103,1.0870273076788,6.53664675015718,2.66403605702767e-05,0.0023695120707229,2.83757305855452,"Chad"
"ENSMUSG00000034226",2.39958434166621,-0.779356212271294,6.51456007973912,2.7521380704124e-05,0.0024228193597406,2.80494593745452,"Rhov"
"ENSMUSG00000034853",-0.608156434253105,6.11052023482251,-6.51321596778432,2.75759854950004e-05,0.0024228193597406,2.80295807805322,"Acot11"
"ENSMUSG00000028527",-1.28131360438836,0.567098767514273,-6.50698988863098,2.78304258131496e-05,0.0024285550375044,2.79374665118088,"Ak4"
"ENSMUSG00000022090",2.05894371252542,5.07592470896345,6.50051999681616,2.80974727581309e-05,0.0024285550375044,2.7841685153991,"Pdlim2"
"ENSMUSG00000032601",0.598598439947452,8.28045226791971,6.49932964284574,2.8146900635939e-05,0.0024285550375044,2.78240563040241,"Prkar2a"
"ENSMUSG00000032340",0.598120412421258,6.47255954875406,6.48209935913994,2.88727976892377e-05,0.0024762928009258,2.75686484304971,"Neo1"
"ENSMUSG00000058392",0.800565680385812,4.33969087485,6.47810506559808,2.90438950209217e-05,0.0024762928009258,2.75093783506578,"Rrp1b"
"ENSMUSG00000042097",0.735594211370897,4.47263345248709,6.46756065890865,2.95007609874331e-05,0.0024881081872527,2.73528012215311,"Zfp239"
"ENSMUSG00000030850",0.85342917965224,5.01453055658082,6.4669413627279,2.95278298299831e-05,0.0024881081872527,2.73436000523973,"Ate1"
"ENSMUSG00000037070",0.567579526351653,5.31045303040049,6.45059805235954,3.02517925622126e-05,0.0025136724512785,2.71005773627738,"Rbmxl1"
"ENSMUSG00000004100",0.737304716310744,4.86944879812611,6.44973247648055,3.02906567357407e-05,0.0025136724512785,2.70876954851941,"Ppan"
"ENSMUSG00000052949",1.0491216853799,2.12871518677807,6.44500658450668,3.05037848616103e-05,0.0025136724512785,2.70173433793657,"Rnf157"
"ENSMUSG00000040666",2.26789163466098,1.55901425849082,6.44444929783149,3.05290220677178e-05,0.0025136724512785,2.70090451647556,"Sh3bgr"
"ENSMUSG00000063730",-2.12815537991165,0.804304188858707,-6.4215325527202,3.15862599722086e-05,0.0025747034148571,2.66674124198073,"Hsd3b2"
"ENSMUSG00000023147",0.90928351453193,2.9394444754713,6.4206524606507,3.16276288729073e-05,0.0025747034148571,2.66542770688203,"Get1"
"ENSMUSG00000028266",0.5852683200816,4.33187009713167,6.41183458114609,3.20453032436744e-05,0.002594049294596,2.65226078428968,"Lmo4"
"ENSMUSG00000053398",1.71431064159796,4.54728072096587,6.40686671226355,3.22831892606958e-05,0.0025971014381084,2.64483771104814,"Phgdh"
"ENSMUSG00000000776",0.703746917051912,3.91043027657688,6.40354092856445,3.24434907946095e-05,0.0025971014381084,2.63986624889958,"Polr3d"
"ENSMUSG00000025612",0.836380231928504,7.32564538298734,6.37506114061011,3.38512888233338e-05,0.0026879874266503,2.59722759632472,"Bach1"
"ENSMUSG00000093394",1.96833537176091,-0.859701310868494,6.3730730328881,3.39519544486341e-05,0.0026879874266503,2.59424665072281,"Gm20621"
"ENSMUSG00000040329",1.3526878760743,0.121468515955473,6.36767302445441,3.42269839823674e-05,0.0026949541650378,2.58614701489527,"Il7"
"ENSMUSG00000038776",1.34359242289128,5.50496042783181,6.35898123655418,3.46746434028768e-05,0.0027012087952853,2.57310095491358,"Ephx1"
"ENSMUSG00000041025",1.23268261062046,4.56980660121928,6.35885185396605,3.46813538155175e-05,0.0027012087952853,2.57290667258367,"Iffo2"
"ENSMUSG00000018126",-0.624407545670145,7.50639230477086,-6.35331583587642,3.49697731564529e-05,0.0027090293624265,2.56459142494108,"Baiap2l2"
"ENSMUSG00000048371",0.651770166841597,5.48186065638988,6.30261161012403,3.7732872960402e-05,0.002907449018644,2.4882229334541,"Pdp2"
"ENSMUSG00000062526",0.818819751937265,4.97783185544841,6.27542815794673,3.93087297000718e-05,0.0030028507864628,2.44712480131607,"Mppe1"
"ENSMUSG00000069456",-2.01740601395319,2.36625273361129,-6.27409480815167,3.93877991978264e-05,0.0030028507864628,2.44510613905369,"Rdh16"
"ENSMUSG00000026974",0.612953076628206,4.33359410350944,6.26648661974257,3.98422134092511e-05,0.0030215076474415,2.43358250374443,"Zmynd19"
"ENSMUSG00000052212",2.07390877069297,2.32094008101712,6.24942907229629,4.08813306942872e-05,0.0030768681352858,2.40771556581575,"Cd177"
"ENSMUSG00000027035",-0.625825971287566,6.93760460887625,-6.24752192738048,4.09992839180298e-05,0.0030768681352858,2.40482081120946,"Cers6"
"ENSMUSG00000027790",-0.89131210291092,12.3954997429001,-6.22358269158689,4.25109539339873e-05,0.0031450333834223,2.36843914475837,"Sis"
"ENSMUSG00000053897",1.64671909889038,4.94662267469079,6.22343851869967,4.25202348406237e-05,0.0031450333834223,2.36821978219123,"Slc39a8"
"ENSMUSG00000025364",0.524980499813526,7.37066878858026,6.21804793033519,4.28687914612114e-05,0.0031450333834223,2.36001567233988,"Pa2g4"
"ENSMUSG00000062785",0.910329815238877,1.7386693763097,6.21728922963732,4.29180917977551e-05,0.0031450333834223,2.35886063760515,"Kcnc3"
"ENSMUSG00000029167",-0.993339356629753,6.00334096619166,-6.21604718430552,4.299892959499e-05,0.0031450333834223,2.35696958304245,"Ppargc1a"
"ENSMUSG00000030980",0.575573560261964,5.28921196789473,6.20792281939274,4.3531695062718e-05,0.0031530868541105,2.34459436502155,"Knop1"
"ENSMUSG00000121103",1.45509562680227,2.82865089190791,6.20769565334021,4.35466919264343e-05,0.0031530868541105,2.34424820070049,"Gm34854"
"ENSMUSG00000039981",-0.715355079738231,3.71391564135947,-6.1910629885777,4.46597491489387e-05,0.0032175116274352,2.31888204125547,"Zc3h12d"
"ENSMUSG00000074211",0.521218236134692,4.73498060391996,6.18536897421116,4.5047686748149e-05,0.003229314021662,2.31018883720035,"Sdhaf1"
"ENSMUSG00000021794",-0.745672691732254,8.1669796932004,-6.17949000585924,4.54519742984992e-05,0.0032321906778804,2.30120824252007,"Glud1"
"ENSMUSG00000031833",-0.661566886895008,4.91608273490996,-6.17107830726114,4.6037132578895e-05,0.0032321906778804,2.28834983545662,"Mast3"
"ENSMUSG00000020190",-0.598303338712234,7.06954203503238,-6.17077076484535,4.60586773797876e-05,0.0032321906778804,2.28787951795956,"Mknk2"
"ENSMUSG00000038172",1.41228504957589,5.88200895673572,6.16959315470971,4.61412733584785e-05,0.0032321906778804,2.2860784970536,"Ttc39b"
"ENSMUSG00000103475",0.788629389403486,4.75170680610464,6.16725057037232,4.63060459961509e-05,0.0032321906778804,2.282495172271,"Gm37697"
"ENSMUSG00000028874",1.04295826827365,1.99645231459051,6.16544148576202,4.64337199195812e-05,0.0032321906778804,2.27972735925833,"Fgr"
"ENSMUSG00000095295",3.32103940960248,-0.664262076175076,6.16225607888087,4.66594334423085e-05,0.003232287386876,2.27485266546728,"Gm3488"
"ENSMUSG00000038670",1.43853425857944,-0.369347667184342,6.14446193362584,4.79418695449609e-05,0.0033052363553748,2.2475943794912,"Mybpc2"
"ENSMUSG00000028347",0.904033715725533,2.32757251461306,6.12443031570828,4.94303682628845e-05,0.0033916294109519,2.21685267244154,"Tmeff1"
"ENSMUSG00000037991",0.508466324425914,2.33919350556989,6.1092623571408,5.05899950628422e-05,0.0034457183015279,2.19353562045749,"Rmi2"
"ENSMUSG00000028318",0.526936419962801,3.06008885979446,6.10686613406422,5.07758118893034e-05,0.0034457183015279,2.18984890274449,"Polr1e"
"ENSMUSG00000041351",0.846908736790008,5.26902724332267,6.10480680586359,5.09360814925012e-05,0.0034457183015279,2.18667983850953,"Rap1gap"
"ENSMUSG00000095567",0.575439194235331,6.19651190206831,6.09976739938175,5.13305430097278e-05,0.0034561766085381,2.1789221428176,"Noc2l"
"ENSMUSG00000064037",0.518575119064784,3.61655574631004,6.09632287439046,5.16020250107788e-05,0.0034582957133968,2.17361746075146,"Gpn1"
"ENSMUSG00000025409",0.37957548483569,6.32536505237979,6.08808176640309,5.22577417449605e-05,0.00348602685557,2.16091877241106,"Mbd6"
"ENSMUSG00000054920",0.806999112296543,3.44951580274003,6.08246727200432,5.2709517163491e-05,0.0034999605198559,2.15226167784286,"Klhl5"
"ENSMUSG00000025856",1.54490877165351,5.28111094455122,6.07449536856028,5.33581016390848e-05,0.0035267747087962,2.13996165207119,"Pdgfa"
"ENSMUSG00000097180",0.950497241529022,2.37875045995988,6.06564949093486,5.40876941921945e-05,0.0035523871579224,2.12630216613012,"2700038G22Rik"
"ENSMUSG00000033294",0.539449682393919,4.5203889254391,6.06383462931865,5.42386824028689e-05,0.0035523871579224,2.1234982932718,"Noc4l"
"ENSMUSG00000001225",-0.980416292160999,7.38413446325114,-6.05386827583686,5.50758299347464e-05,0.0035908942693654,2.10809209054759,"Slc26a3"
"ENSMUSG00000047230",1.42996685512476,8.62835363323979,6.04657823952031,5.56968305934177e-05,0.0036150253694619,2.09681370494169,"Cldn2"
"ENSMUSG00000037139",-0.864361109619905,1.73305057991726,-6.03921054642576,5.63319829541747e-05,0.0036398544501645,2.08540720029311,"Myom3"
"ENSMUSG00000005045",1.98028285166046,-0.326658585438531,6.02430534756585,5.76404894891804e-05,0.0037077759511142,2.06230676888559,"Chd5"
"ENSMUSG00000039116",1.97822522512266,0.625688671525789,6.0172164537081,5.82740668023842e-05,0.0037318712380246,2.05130871576652,"Adgrg6"
"ENSMUSG00000053801",0.727728671036955,4.10088986606042,5.99070300357023,6.07098485200729e-05,0.0038706557846271,2.01010865387076,"Grwd1"
"ENSMUSG00000025264",0.55878802784197,3.3611377656656,5.98437861018242,6.13066364482848e-05,0.0038914860113803,2.00026564398605,"Tsr2"
"ENSMUSG00000021215",-0.631698646917662,8.09597755093999,-5.96683704015848,6.29946248592583e-05,0.0039810945157765,1.97293378488929,"Net1"
"ENSMUSG00000036585",-0.809731952360254,2.93041422781612,-5.95741628420133,6.39213967146181e-05,0.0040047389455712,1.95823636054288,"Fgf1"
"ENSMUSG00000009418",0.885812699109205,4.41062647746279,5.95554909661104,6.41067890574139e-05,0.0040047389455712,1.95532178396921,"Nav1"
"ENSMUSG00000043439",1.24394964709169,-0.305440615112991,5.95273011155486,6.43877634574345e-05,0.0040047389455712,1.95092052845,"Epop"
"ENSMUSG00000031169",0.702225974929904,2.19430771668273,5.95180261345109,6.44804938144575e-05,0.0040047389455712,1.94947217750821,"Porcn"
"ENSMUSG00000027552",0.412063461573018,4.27315272317072,5.94645605510145,6.50177992486676e-05,0.0040207788385152,1.94112068788092,"E2f5"
"ENSMUSG00000039356",0.523623579329009,4.31759707668637,5.94295838255126,6.5371861023064e-05,0.0040253980576125,1.93565493034438,"Exosc2"
"ENSMUSG00000038622",0.667491089398732,3.69863709388957,5.93018457531856,6.66823498645664e-05,0.0040886211880788,1.91567815332222,"Med30"
"ENSMUSG00000001173",0.685002757350975,3.97601160472327,5.92268050687754,6.74651383784791e-05,0.0041046169054735,1.90393140895118,"Ocrl"
"ENSMUSG00000033423",0.373294225926453,4.81698394823435,5.92222508436032,6.7512957637396e-05,0.0041046169054735,1.90321823040412,"Eri3"
"ENSMUSG00000096574",3.96971652918699,-2.41323947377813,5.89591396259139,7.03373998145849e-05,0.0042583680417157,1.861963770773,"Gm2956"
"ENSMUSG00000027030",0.632589767834869,6.27853312083738,5.8866896003545,7.13569742138283e-05,0.0042990769762887,1.84747625430848,"Stk39"
"ENSMUSG00000046034",0.436741452750478,3.97523187070334,5.88445303993038,7.16065288576095e-05,0.0042990769762887,1.84396168509064,"Otulin"
"ENSMUSG00000035960",0.508519273008457,5.42069022796265,5.87528097700814,7.26396372855745e-05,0.0043430063636839,1.8295408255269,"Apex1"
"ENSMUSG00000020692",0.677802272077068,3.40769177422636,5.86275205871297,7.40763861979515e-05,0.0044106059864722,1.80982205416011,"Nle1"
"ENSMUSG00000020173",-0.944319917706465,8.04670133218347,-5.85855340538073,7.45645610075005e-05,0.004421402302704,1.8032087764825,"Cobl"
"ENSMUSG00000068101",0.577954153637668,2.59230953097446,5.85313072383433,7.52000909592478e-05,0.0044408119288188,1.7946636887948,"Cenpm"
"ENSMUSG00000022721",0.452311321229053,4.77177900217829,5.84833224991704,7.57672405637569e-05,0.0044560415072782,1.78709861220872,"Trmt2a"
"ENSMUSG00000026238",0.592916501909096,10.3830660515369,5.83715080368236,7.7106433453669e-05,0.0045163682911947,1.76945722410013,"Ptma"
"ENSMUSG00000063480",0.431398283282427,6.2686425577614,5.83410307057509,7.74757809028356e-05,0.0045196296640848,1.76464550251733,"Snu13"
"ENSMUSG00000039783",-1.27620623941883,0.406441097535405,-5.81208726307071,8.01999974212269e-05,0.0046585251087314,1.72984654394912,"Kmo"
"ENSMUSG00000005320",-0.787824578421674,2.14688342834148,-5.80968476317562,8.05033487455148e-05,0.0046585251087314,1.72604474345789,"Fgfr4"
"ENSMUSG00000030814",0.446819294860519,4.52662533962504,5.80003797969697,8.17336613927081e-05,0.0046758978923647,1.71077076671097,"Bcl7c"
"ENSMUSG00000015846",-0.557959598556996,7.1832751337396,-5.79985967117492,8.17565882968854e-05,0.0046758978923647,1.71048831757756,"Rxra"
"ENSMUSG00000037797",-1.60121675272859,2.85092293851017,-5.79970017220576,8.17771024273661e-05,0.0046758978923647,1.71023565969545,"Adh4"
"ENSMUSG00000027405",0.706670836080642,6.5071028222585,5.78915872270289,8.31450338528139e-05,0.0047297833797877,1.693528931388,"Nop56"
"ENSMUSG00000104329",-0.971369469890599,3.01651567436375,-5.78714102334476,8.34096100037234e-05,0.0047297833797877,1.69032929225105,"Gm37324"
"ENSMUSG00000005087",-0.591789465571033,4.9272957819744,-5.78369564122475,8.38634531801457e-05,0.0047297833797877,1.68486426750184,"Cd44"
"ENSMUSG00000090691",2.26216089769488,0.428130444172386,5.78241721061853,8.40325175394305e-05,0.0047297833797877,1.68283599104394,"Gm3667"
"ENSMUSG00000096775",4.25623436631826,-1.17234748918228,5.76636797419443,8.6185830629215e-05,0.0048298783893687,1.65735281703117,"Gm5796"
"ENSMUSG00000121395",-0.789792771995732,3.47319178369324,-5.76406128549095,8.65000764306508e-05,0.0048298783893687,1.65368711103179,""
"ENSMUSG00000054256",1.13003486511493,4.40987308106404,5.75963567794761,8.7106381291187e-05,0.0048298783893687,1.64665190293417,"Msi1"
"ENSMUSG00000028741",0.519828432413056,4.1958051327264,5.75815810310822,8.73098061642051e-05,0.0048298783893687,1.64430242038545,"Mrto4"
"ENSMUSG00000024736",0.438427560437697,2.28016168100611,5.75451796155336,8.78131059885481e-05,0.0048298783893687,1.63851288294521,"Tmem132a"
"ENSMUSG00000045019",-0.870259988032913,2.7920645780783,-5.75445336312824,8.78220652380193e-05,0.0048298783893687,1.63841012344943,"Acer1"
"ENSMUSG00000028307",-0.872126260901686,12.1279286458507,-5.74199970509671,8.95674474578128e-05,0.0048836611771235,1.61858808275623,"Aldob"
"ENSMUSG00000010607",0.73460026374028,4.08896722408804,5.74151678013059,8.96358630011755e-05,0.0048836611771235,1.61781896880634,"Pigyl"
"ENSMUSG00000022433",0.581944410077006,3.69719083681454,5.7402415024698,8.98167958871355e-05,0.0048836611771235,1.61578777647845,"Csnk1e"
"ENSMUSG00000033644",-0.988033004386298,0.944451075088193,-5.73330625597276,9.08075252403359e-05,0.004894955070138,1.60473750815766,"Piwil2"
"ENSMUSG00000111620",1.02586538528058,0.462769067611397,5.73314664694662,9.08304614731747e-05,0.004894955070138,1.60448311199141,"Gm31848"
"ENSMUSG00000039201",0.48589039902495,3.07503446448417,5.73166513758225,9.10436504127277e-05,0.004894955070138,1.60212159868998,"Tbc1d25"
"ENSMUSG00000071613",2.60939067006142,0.811935496991377,5.72742085662659,9.16573322311769e-05,0.0048962801183083,1.59535446413553,"Gm10340"
"ENSMUSG00000031497",1.47746327011458,2.60204946538836,5.72679695633945,9.17479097746728e-05,0.0048962801183083,1.59435948641888,"Tnfsf13b"
"ENSMUSG00000106647",-1.32464549299227,-0.798339452025873,-5.71542502857639,9.34155496123322e-05,0.0049631340887518,1.57621384485014,"Gm42523"
"ENSMUSG00000046982",-0.443682685387842,4.94322550175224,-5.71157489502675,9.39873815545702e-05,0.0049631340887518,1.57006606354413,"Tshz1"
"ENSMUSG00000102752",-0.495521454291524,2.90965161608047,-5.70944710577028,9.43049910826402e-05,0.0049631340887518,1.5666675369149,"Gm7694"
"ENSMUSG00000041695",-0.477670867933813,3.30043037227092,-5.7089562137573,9.43784260058301e-05,0.0049631340887518,1.56588338475574,"Kcnj2"
"ENSMUSG00000023829",-0.697911821882244,6.22592471839101,-5.69498866761989,9.6493400758433e-05,0.0050487450162837,1.54355675667204,"Slc22a1"
"ENSMUSG00000037820",0.554161101776737,7.27366738962274,5.69359492555317,9.67071708303368e-05,0.0050487450162837,1.54132733700995,"Tgm2"
"ENSMUSG00000026094",-0.786661780192582,5.50674480706481,-5.68854038904436,9.74866320818373e-05,0.0050573557294342,1.53323974428943,"Stk17b"
"ENSMUSG00000043154",-0.497531496807294,4.65533972398866,-5.68780417547446,9.76007159574439e-05,0.0050573557294342,1.53206144091777,"Ppp2r3a"
"ENSMUSG00000031901",0.697866941777692,3.23790657425354,5.68480329572333,9.80671932865815e-05,0.0050573557294342,1.52725773598809,"Dus2"
"ENSMUSG00000026377",0.559230488992089,5.09056219786217,5.68346458694122,9.8276049985536e-05,0.0050573557294342,1.52511435069524,"Nifk"
"ENSMUSG00000068742",-0.934602845128886,2.81946462969028,-5.66545175086863,0.0001011324165788,0.0051680419389577,1.49624871022228,"Cry2"
"ENSMUSG00000053553",0.482672308513344,2.36906002065897,5.66536070231492,0.0001011470750988,0.0051680419389577,1.49610268365151,"3110082I17Rik"
"ENSMUSG00000079614",0.387810820577076,6.08626418909661,5.66315457676758,0.0001015029404348,0.0051680419389577,1.49256405760847,"Seh1l"
"ENSMUSG00000029228",-0.663085800876487,4.33957974735134,-5.63600344164437,0.0001059924672172,0.0053776248596252,1.44895520777092,"Lnx1"
"ENSMUSG00000000561",0.520508163154803,5.57993817140292,5.63285476579677,0.0001065265106931,0.0053857561143048,1.44389096700337,"Wdr77"
"ENSMUSG00000037012",0.55187777667576,2.36462692914665,5.62366854964205,0.0001081008624059,0.0054462424000237,1.4291078230078,"Hk1"
"ENSMUSG00000020656",0.513331489314813,0.895184141750844,5.61636439366256,0.0001093701777884,0.005490992654192,1.41734461620598,"Grhl1"
"ENSMUSG00000034321",0.661630030688221,3.99434668338364,5.61124557347571,0.0001102690910368,0.0054985172914014,1.40909620012663,"Exosc1"
"ENSMUSG00000037541",1.10269472720801,4.12876287543765,5.61116524029094,0.0001102832602689,0.0054985172914014,1.40896672148376,"Shank2"
"ENSMUSG00000015176",0.746954765675508,6.23841481728503,5.6063596843373,0.0001111343721081,0.0055218454058858,1.40121955219408,"Nolc1"
"ENSMUSG00000022009",0.4127237164058,3.95147184943418,5.60298976034566,0.0001117353508642,0.0055326277340297,1.39578479056162,"Nufip1"
"ENSMUSG00000008540",-0.670033426761579,7.26236670623463,-5.59183853873229,0.0001137485770274,0.005613024816398,1.37778909933435,"Mgst1"
"ENSMUSG00000035914",0.844958624712256,2.83710555736484,5.58264937552373,0.0001154363266559,0.0056768669992684,1.36294609788065,"Cd276"
"ENSMUSG00000030409",0.752710721845908,2.88489685127071,5.57941645458628,0.0001160363725649,0.0056869663002998,1.35772111776838,"Dmpk"
"ENSMUSG00000042079",0.415524737019515,8.87823725780863,5.57092976016835,0.0001176272500966,0.0057453933784502,1.34399783835646,"Hnrnpf"
"ENSMUSG00000030888",0.57935991352114,3.8503926089893,5.54891517970336,0.000121862174278,0.0059321353688273,1.3083505259468,"Rrp8"
"ENSMUSG00000025869",0.561835602855216,4.20915063349907,5.53149498625805,0.000125327129155,0.0060639293279454,1.28009266801384,"Nop16"
"ENSMUSG00000019437",0.614173178795673,3.45700571555337,5.53107832185815,0.0001254112665506,0.0060639293279454,1.27941624226898,"Tlcd1"
"ENSMUSG00000041057",0.60558076620764,5.78898857873824,5.5277975333923,0.0001260758429528,0.006066143834898,1.27408922726353,"Wdr43"
"ENSMUSG00000027317",0.873615057255059,6.31948023432975,5.5266996767761,0.000126299059648,0.006066143834898,1.27230628818548,"Ppp1r14d"
"ENSMUSG00000031683",0.47099875356143,4.40898257849251,5.51377296187345,0.0001289588814734,0.0061733173526597,1.25129988561815,"Lsm6"
"ENSMUSG00000026615",0.559485205286679,6.89026453984015,5.5088631573601,0.0001299845463856,0.0062018123472538,1.24331490172339,"Eprs"
"ENSMUSG00000025986",0.567515425629432,3.36728417701418,5.49417345133025,0.0001331049141386,0.0063297317089912,1.21940361834391,"Slc39a10"
"ENSMUSG00000044551",1.57603471648342,0.942616331441816,5.48964572095085,0.0001340825285906,0.0063552472186287,1.21202725467412,"9930012K11Rik"
"ENSMUSG00000047821",-0.488650837028974,4.33627876604436,-5.48251916388173,0.0001356366319736,0.0064078302626525,1.20041098175432,"Trim16"
"ENSMUSG00000022748",0.498549067850945,2.7010826491695,5.47664538504583,0.0001369318071657,0.0064478771550708,1.1908311987522,"Cmss1"
"ENSMUSG00000031467",0.44263751969545,5.09988693277132,5.46710785985985,0.0001390626769384,0.0065229870189219,1.17526541437418,"Agpat5"
"ENSMUSG00000117513",-0.745972840184641,-0.584407390855148,-5.46306970485753,0.0001399753816847,0.0065229870189219,1.16867094557253,"Gm3946"
"ENSMUSG00000070798",-1.04525448844731,0.929388596463656,-5.46163036215617,0.0001403022261126,0.0065229870189219,1.16631987063272,"Psg25"
"ENSMUSG00000025995",0.571041477159728,4.52591067990808,5.46147433914838,0.0001403377039257,0.0065229870189219,1.16606499893847,"Wdr75"
"ENSMUSG00000078768",0.592266623447955,0.52461500745927,5.45920243602435,0.0001408553804089,0.0065259973514869,1.16235332791039,"Zfp566"
"ENSMUSG00000044042",-0.735419332967766,4.96327298368222,-5.4540555031287,0.0001420356177576,0.0065595872316354,1.15394187853226,"Fmn1"
"ENSMUSG00000094634",2.1173304536878,0.451870117151761,5.4511969017902,0.000142695616209,0.0065690132075293,1.14926851281829,"Gm3468"
"ENSMUSG00000026520",0.557363109584572,3.32947203371361,5.44918684864312,0.0001431616345524,0.0065694776823748,1.14598168294535,"Pycr2"
"ENSMUSG00000022557",0.427582381246943,5.44220834568175,5.44405186974591,0.0001443594418174,0.0066034133242762,1.13758233634862,"Bop1"
"ENSMUSG00000027804",0.388953399903675,5.67198444674229,5.44186063532657,0.0001448737879763,0.0066059696549075,1.13399694777563,"Ppid"
"ENSMUSG00000047649",0.663890909560237,3.60334324867205,5.42205607779422,0.0001496110014042,0.0067726009833788,1.10156045432634,"Polr1g"
"ENSMUSG00000021338",-0.427464023319698,6.33870809523512,-5.41883880118774,0.0001503958452635,0.0067726009833788,1.09628575868714,"Carmil1"
"ENSMUSG00000062937",0.579621346125107,3.83132359557934,5.4180629176456,0.0001505857676074,0.0067726009833788,1.09501348131148,"Mtap"
"ENSMUSG00000001674",0.451334301235838,5.2391857281395,5.41692938044148,0.0001508636913185,0.0067726009833788,1.09315457501433,"Ddx18"
"ENSMUSG00000001056",0.569852716474585,5.19683466660676,5.41687000238264,0.0001508782646723,0.0067726009833788,1.09305719485336,"Nhp2"
"ENSMUSG00000035958",-0.573534130781564,5.83778566898344,-5.4118269705832,0.0001521214187485,0.0068035600846302,1.08478475590379,"Tdp2"
"ENSMUSG00000038279",0.521340579837045,5.49138828959176,5.40881254495302,0.0001528696492542,0.0068035600846302,1.07983823192808,"Nop2"
"ENSMUSG00000026959",1.60569828569422,-0.258151688954173,5.4083512708492,0.0001529844866,0.0068035600846302,1.07908118835617,"Grin1"
"ENSMUSG00000020205",1.11864653271542,3.7660727612704,5.4043964216794,0.0001539728095433,0.0068264437314153,1.07258922771622,"Phlda1"
"ENSMUSG00000034255",-0.449498987634477,5.999859137012,-5.40063828527209,0.000154918204855,0.0068472896127512,1.066418087868,"Arhgap27"
"ENSMUSG00000038068",-1.05291861858623,1.27951585869889,-5.39241656309077,0.0001570078340399,0.0069184277696699,1.05291031995455,"Rnf144b"
"ENSMUSG00000073043",0.593638631599606,4.41788189159266,5.38730887140091,0.000158320929977,0.0069383793163816,1.04451381000632,"Atoh1"
"ENSMUSG00000028334",0.547144914420169,6.42571444271503,5.38691107934937,0.0001584236793038,0.0069383793163816,1.04385972411655,"Nans"
"ENSMUSG00000079388",4.03303418364218,-2.26214448965101,5.38343760284942,0.0001593238636394,0.0069566592460011,1.0381473515972,"2610042L04Rik"
"ENSMUSG00000026788",-0.471734221333604,4.61704715374659,-5.38035527853583,0.0001601271868631,0.0069706121918767,1.03307680404112,"Zbtb43"
"ENSMUSG00000035735",0.754000272417061,3.18164116306362,5.37566064228179,0.0001613589180014,0.0069870460149104,1.025351316203,"Dagla"
"ENSMUSG00000022554",0.594496301897051,3.32072889716154,5.37368184466809,0.0001618810792324,0.0069870460149104,1.02209406107224,"Hgh1"
"ENSMUSG00000032413",0.45356764952432,4.94449275496282,5.37338551931206,0.0001619594259823,0.0069870460149104,1.02160623804243,"Rasa2"
"ENSMUSG00000074582",0.461192306346273,6.54193628534752,5.36934190723501,0.0001630325318046,0.007012345524697,1.01494821754598,"Arfgef2"
"ENSMUSG00000032737",0.381620134538716,6.68148681711282,5.36578662773151,0.0001639822258712,0.0070191101781541,1.00909232406642,"Inppl1"
"ENSMUSG00000038991",0.441818817730152,7.64803233078928,5.3651083360102,0.0001641640731513,0.0070191101781541,1.0079749052149,"Txndc5"
"ENSMUSG00000016239",1.05664859519174,1.62180983783267,5.35864659417406,0.0001659071204764,0.0070472394034438,0.997326513550158,"Lonrf3"
"ENSMUSG00000114985",1.35312263045508,0.96555358664393,5.3585651956964,0.0001659292014479,0.0070472394034438,0.997192337722003,"1810028F09Rik"
"ENSMUSG00000073775",0.471127446701158,4.30961924204482,5.35690234183147,0.0001663809616054,0.0070472394034438,0.994451110625033,"Kti12"
"ENSMUSG00000060098",0.424038539783087,4.54072836690873,5.35540773988433,0.0001667881162027,0.0070472394034438,0.991986909946442,"Prmt7"
"ENSMUSG00000038332",-1.05024988088131,6.44144111616345,-5.35365329859345,0.0001672673937107,0.0070472394034438,0.989093895011743,"Sesn1"
"ENSMUSG00000019478",-0.558523308697826,5.40771890474997,-5.34065374929323,0.0001708640764723,0.0071750442589336,0.967644341630813,"Rab4a"
"ENSMUSG00000023011",-1.66974638973275,-1.15596498482222,-5.33910927864161,0.0001712967745904,0.0071750442589336,0.965094322455119,"Faim2"
"ENSMUSG00000028519",-0.775442653407028,4.71317625429176,-5.33405858135607,0.0001727198443467,0.0072118213161707,0.956752918569796,"Dab1"
"ENSMUSG00000028790",0.361299172400471,7.09413929663987,5.33244956338632,0.0001731758050798,0.0072118213161707,0.954094802945312,"Khdrbs1"
"ENSMUSG00000038527",-0.773562686861971,1.18550092826593,-5.32204914897419,0.0001761537749562,0.007314696666698,0.936904279963199,"C1rl"
"ENSMUSG00000031843",0.512570182449732,3.91752205475411,5.31941032872726,0.0001769178902426,0.0073253157485831,0.932540199104213,"Mphosph6"
"ENSMUSG00000079410",4.24883227028198,-1.32294936686786,5.31730106667701,0.0001775311704224,0.0073296465175288,0.929051186976785,"Gm2897"
"ENSMUSG00000026246",1.25537005958231,1.78515936385795,5.30475048768868,0.000181226871925,0.0074608514216242,0.908277668285942,"Alppl2"
"ENSMUSG00000042215",0.696375797358143,1.56134521527517,5.30077418451705,0.0001824145653517,0.0074883517725155,0.90169147207408,"Bag2"
"ENSMUSG00000001403",0.554423372425394,6.83302915837896,5.29699568374338,0.0001835507650584,0.0075135879935438,0.89543082204142,"Ube2c"
"ENSMUSG00000031171",0.47388276471256,4.0462069980253,5.29176291430194,0.0001851365726514,0.007541876417484,0.886757218821632,"Ftsj1"
"ENSMUSG00000030787",-0.635916804031188,1.82412239818915,-5.29126355488045,0.0001852886565194,0.007541876417484,0.885929299505758,"Lyve1"
"ENSMUSG00000026435",3.93333807357502,0.268208657673415,5.28796616181501,0.0001862962079876,0.0075420819866012,0.880461454475011,"Slc45a3"
"ENSMUSG00000035877",-0.626936831526127,4.76016289702743,-5.28782143001395,0.0001863405640384,0.0075420819866012,0.880221420051359,"Zhx3"
"ENSMUSG00000036904",0.678175865048033,2.50283119872716,5.28184699557877,0.0001881812798178,0.0075715314554901,0.870310357422681,"Fzd8"
"ENSMUSG00000049957",0.537235000939592,4.18762550517934,5.2797989413092,0.000188816675878,0.0075715314554901,0.866911647815074,"Ccdc137"
"ENSMUSG00000034612",1.4688932331026,0.813432492975116,5.27927836783647,0.0001889785399145,0.0075715314554901,0.866047670443472,"Chst11"
"ENSMUSG00000025017",0.935610232620638,1.72368289917714,5.27866303811974,0.0001891700551028,0.0075715314554901,0.8650263798567,"Pik3ap1"
"ENSMUSG00000004038",2.15109269359854,8.14238026170825,5.27545454056447,0.0001901719799367,0.0075905486396366,0.859700220219876,"Gstm3"
"ENSMUSG00000026639",-0.803852104171412,3.53120812808365,-5.25390698195396,0.0001970469216593,0.007825929060991,0.823893083231077,"Lamb3"
"ENSMUSG00000022353",0.468233237412835,5.40977246730787,5.25357333592078,0.0001971554062835,0.007825929060991,0.823338122310885,"Mtss1"
"ENSMUSG00000031431",-1.02685950422235,5.89363163546588,-5.25072530389631,0.0001980840003513,0.0078411878051175,0.818600285633978,"Tsc22d3"
"ENSMUSG00000067150",0.539758450775178,5.53208262650399,5.24561282826403,0.0001997624650323,0.007870379213746,0.810092560520629,"Xpo5"
"ENSMUSG00000021944",0.635842422802108,7.93531448886062,5.24468210088438,0.0002000696353215,0.007870379213746,0.808543329476128,"Gata4"
"ENSMUSG00000118653",4.42683926198054,-1.80509604225652,5.24350124311151,0.0002004600715833,0.007870379213746,0.806577570646109,"Gm2296"
"ENSMUSG00000029388",0.347116324554922,5.08089523160202,5.24169597294909,0.000201058511248,0.0078724241537295,0.803571979515175,"Eif2b1"
"ENSMUSG00000030428",0.904959518757106,2.09276043160839,5.24000684346172,0.0002016201516303,0.0078730210429298,0.800759333730524,"Ttyh1"
"ENSMUSG00000031891",-0.875703147598516,3.2580247530005,-5.23659105729409,0.0002027609560648,0.0078961692322678,0.795070322234172,"Hsd11b2"
"ENSMUSG00000066235",0.571460707359285,2.88853482253674,5.23120566478598,0.0002045733722149,0.0079452768739749,0.786097573661953,"Pomgnt2"
"ENSMUSG00000024732",0.808292962203312,4.66687713420924,5.22548017580099,0.000206518933764,0.0079777981609967,0.776553692741969,"Ccdc86"
"ENSMUSG00000007050",0.450766793440289,4.6922570424671,5.22490577969756,0.000206715188182,0.0079777981609967,0.775595970349095,"Lsm2"
"ENSMUSG00000085786",0.713193751605952,2.98117598354657,5.22339152129452,0.000207233506297,0.0079777981609967,0.773070940613784,"Gm15987"
"ENSMUSG00000038510",0.579468007407294,3.98815442452799,5.22224926598053,0.000207625394571,0.0079777981609967,0.771166013107588,"Rpf2"
"ENSMUSG00000074480",0.895531422045815,2.42000242708128,5.21285551132372,0.0002108779237624,0.0080716336454645,0.755493172845101,"Mex3a"
"ENSMUSG00000042082",0.316310919908721,4.6685712887778,5.21114194127388,0.0002114769892644,0.0080716336454645,0.752632857923642,"Arsb"
"ENSMUSG00000017688",-0.852028302261244,8.37238079421374,-5.20898949931197,0.0002122320199815,0.0080716336454645,0.749039386463484,"Hnf4g"
"ENSMUSG00000093979",1.21452722559381,0.637643222031703,5.20761857490413,0.0002127143872966,0.0080716336454645,0.746750307776304,"Gm2237"
"ENSMUSG00000035704",0.574707378089566,4.85912375100235,5.20718154521223,0.0002128684006715,0.0080716336454645,0.74602052900595,"Alg8"
"ENSMUSG00000021140",-0.58057626816311,6.84667091217698,-5.19990849069669,0.0002154487678014,0.0081480348956723,0.733871598324615,"Pcnx"
"ENSMUSG00000058488",1.6357250314404,-0.978134906200956,5.18855832229915,0.0002195415031589,0.0082810825105172,0.714897400790782,"Kl"
"ENSMUSG00000069601",1.07311429941893,5.86989824409539,5.18280385810794,0.0002216476231311,0.0083232399734275,0.705270697681732,"Ank3"
"ENSMUSG00000121141",0.537137190263568,7.11277164589014,5.18235055087623,0.0002218144319381,0.0083232399734275,0.704512158081774,"Gm56878"
"ENSMUSG00000060591",0.484128178810867,6.30007464101719,5.18021226640023,0.0002226030619248,0.0083311364137011,0.700933681262177,"Ifitm2"
"ENSMUSG00000030407",0.406469296279272,3.06931374169983,5.17822537123802,0.0002233384977486,0.0083370062540407,0.69760798452378,"Qpctl"
"ENSMUSG00000034006",0.540542960818435,2.98861829914371,5.17478833369564,0.0002246167270431,0.0083630553487447,0.691853711296807,"Slc66a2"
"ENSMUSG00000030283",-1.02002739665197,0.248502662746642,-5.17145546111935,0.0002258635583663,0.008387804155931,0.686272251714708,"St8sia1"
"ENSMUSG00000050730",0.490070481440623,5.18789505024889,5.16740992606784,0.0002273867727682,0.0083883493937275,0.679495230532372,"Arhgap42"
"ENSMUSG00000041506",0.445462989056268,4.07619625514234,5.16708187532257,0.0002275107616451,0.0083883493937275,0.678945584416809,"Rrp9"
"ENSMUSG00000021180",-0.676742455345071,3.47085154025076,-5.16531644458975,0.0002281792380187,0.0083883493937275,0.675987362580872,"Rps6ka5"
"ENSMUSG00000027133",0.398643415552543,5.66546669288858,5.16524355456251,0.0002282068819724,0.0083883493937275,0.675865215958734,"Nop10"
"ENSMUSG00000058690",-0.553162446091339,5.75408539252163,-5.16303904621093,0.0002290446184376,0.0083886459423092,0.672170625281182,"Ccser2"
"ENSMUSG00000049950",0.925352714643792,2.67759091111401,5.1621606658364,0.0002293793116295,0.0083886459423092,0.670698336488383,"Rpp38"
"ENSMUSG00000029686",0.33012076725628,6.32917795721346,5.15803594260747,0.000230957857148,0.0084008153828228,0.663783280478977,"Cul1"
"ENSMUSG00000061458",0.565202417551962,3.53792729057094,5.15510649501371,0.0002320858931932,0.0084008153828228,0.658870649431425,"Nol10"
"ENSMUSG00000030055",-0.652488338604446,6.66778861238895,-5.15508211992941,0.0002320953034912,0.0084008153828228,0.658829767829022,"Rab43"
"ENSMUSG00000028700",0.420118843956975,4.51248731123219,5.15371920426277,0.000232622111821,0.0084008153828228,0.656543769943424,"Pomgnt1"
"ENSMUSG00000026192",0.524001538749979,6.31413069050237,5.15370605402954,0.0002326272008984,0.0084008153828228,0.656521711993483,"Atic"
"ENSMUSG00000001053",0.832138381860793,2.36624288827299,5.14722469233323,0.0002351497438322,0.0084497039439782,0.645647065011802,"N4bp3"
"ENSMUSG00000014361",-1.22874791793595,6.61736541828028,-5.14721429796885,0.0002351538123072,0.0084497039439782,0.64562962029426,"Mertk"
"ENSMUSG00000042429",-0.738148756501488,1.45874519626038,-5.14243656612537,0.0002370317207194,0.0084959951836974,0.637609625822275,"Adora1"
"ENSMUSG00000118510",1.74958845357582,-0.761993777808466,5.14048669128624,0.0002378026466644,0.0084964678183374,0.634335614271678,"Gm52958"
"ENSMUSG00000000916",0.62417222745493,3.73629255140857,5.13806433279598,0.0002387640483412,0.0084964678183374,0.63026752400944,"Nsun5"
"ENSMUSG00000035266",0.577484521505642,3.46929577184356,5.13502375600034,0.0002399765926624,0.0084964678183374,0.625160047183996,"Helq"
"ENSMUSG00000026694",0.606889203634703,3.78526463469246,5.13328342065921,0.0002406735248129,0.0084964678183374,0.622236101434385,"Mettl13"
"ENSMUSG00000020105",-0.610833825401562,4.99135814209427,-5.13158793660362,0.0002413545398883,0.0084964678183374,0.619387105617167,"Lrig3"
"ENSMUSG00000047221",0.497576581610956,3.83613156320205,5.12966931602321,0.0002421276218519,0.0084964678183374,0.616162681912071,"Fam185a"
"ENSMUSG00000091275",1.95350950603918,-1.0905522464139,5.12935227292313,0.0002422556201503,0.0084964678183374,0.615629811693558,"Gm3248"
"ENSMUSG00000024571",0.329110724310894,5.73024695840802,5.12899174371908,0.0002424012612211,0.0084964678183374,0.615023835232746,"Naa12"
"ENSMUSG00000034684",0.98265421374445,0.546110728143849,5.12701043298129,0.0002432032833057,0.0084964678183374,0.611693331516689,"Sema3f"
"ENSMUSG00000027254",-0.658979513537809,0.943048676880047,-5.1269168646689,0.0002432412279949,0.0084964678183374,0.611536033462056,"Map1a"
"ENSMUSG00000029641",1.37987595311351,-0.608098801019615,5.1262022991771,0.0002435312102833,0.0084964678183374,0.610334734533153,"Rasl11a"
"ENSMUSG00000004393",0.471840554173566,4.89214567964447,5.11580409473126,0.0002477922862446,0.0086081845538122,0.592845670821353,"Ddx56"
"ENSMUSG00000026113",-0.570899318540001,4.44609296386334,-5.11527364961503,0.0002480117445705,0.0086081845538122,0.591953096678006,"Inpp4a"
"ENSMUSG00000120413",-1.03876271568156,-0.293414224233913,-5.11403365232717,0.0002485255586359,0.0086081845538122,0.589866414797347,"Gm32652"
"ENSMUSG00000010048",0.436793849191024,5.71966764144075,5.10890300294743,0.0002506634376479,0.0086614136044826,0.581230234179138,"Ifrd2"
"ENSMUSG00000028683",0.53488239587085,3.23610489716824,5.09628395436546,0.0002560041842253,0.0088247949533577,0.559973685733787,"Eif2b3"
"ENSMUSG00000040249",-0.673950243207194,7.74784083934939,-5.09403690741646,0.0002569676605181,0.0088317051888244,0.556186269056587,"Lrp1"
"ENSMUSG00000025722",0.443803251192018,3.3228454722261,5.0923635341364,0.0002576876321177,0.0088317051888244,0.553365331266238,"Wdr73"
"ENSMUSG00000047250",-0.593409980048181,0.979366522198077,-5.0915383755136,0.0002580434370528,0.0088317051888244,0.551974153757754,"Ptgs1"
"ENSMUSG00000105416",-0.6207849510247,1.51631640531493,-5.08902017151353,0.0002591324673132,0.0088479614253952,0.547728002718412,"Gm42553"
"ENSMUSG00000030798",1.28518591494983,0.240289673320194,5.08075815989922,0.0002627394819228,0.0089142291231349,0.533790603380755,"Cd37"
"ENSMUSG00000032578",-0.636044307035674,3.5445294504717,-5.08070179016654,0.000262764271904,0.0089142291231349,0.533695479520863,"Cish"
"ENSMUSG00000001707",0.445622943327713,4.03309300543953,5.0803268192537,0.0002629292370971,0.0089142291231349,0.533062705391756,"Eef1e1"
"ENSMUSG00000101462",-0.732309356966519,2.96092960503313,-5.07455982995536,0.0002654801086303,0.0089635636011582,0.52332830759592,"Gm3052"
"ENSMUSG00000024785",0.462183994397469,4.43919474094853,5.07422604585282,0.0002656285417235,0.0089635636011582,0.522764756106075,"Rcl1"
"ENSMUSG00000040606",0.469326185573878,3.22910374870348,5.06338973205949,0.0002704950382818,0.0090892338831398,0.504460713913936,"Kazn"
"ENSMUSG00000038827",0.429150103255008,4.14323092357683,5.06312676161366,0.0002706142921692,0.0090892338831398,0.504016319717246,"Abitram"
"ENSMUSG00000030660",-0.699113093979088,6.49137150220589,-5.05669095399712,0.0002735501119142,0.0091326389319915,0.493137479223726,"Pik3c2a"
"ENSMUSG00000002319",0.516557641430413,4.70552737703436,5.05631927471226,0.0002737206780252,0.0091326389319915,0.49250903337439,"Ipo4"
"ENSMUSG00000111394",-0.676043250503535,5.33872486032293,-5.05612900349159,0.000273808037936,0.0091326389319915,0.492187310081175,"Gm49759"
"ENSMUSG00000029406",0.680453252395558,3.08090489023212,5.04989307634283,0.0002766874101293,0.009207364647929,0.481640441544244,"Pitpnm2"
"ENSMUSG00000039899",0.989136374223386,6.09189626172365,5.03656488948788,0.0002829485695605,0.009394022900457,0.459080536182007,"Fgl2"
"ENSMUSG00000033809",0.473611099856575,4.31539890041512,5.03082448473806,0.0002856908515457,0.0094632631722346,0.44935658214908,"Alg3"
"ENSMUSG00000006732",0.577434906265744,3.92181781518067,5.02055066601103,0.0002906686289097,0.0096060648485329,0.431942034835176,"Mettl1"
"ENSMUSG00000066278",0.36701020584553,4.5046681757966,5.01755588753514,0.0002921366896247,0.009629361771394,0.426863055102872,"Vps37b"
"ENSMUSG00000002825",0.492062435675939,3.37098326267532,5.01639035126687,0.0002927101433736,0.009629361771394,0.424886039696244,"Qtrt1"
"ENSMUSG00000061479",0.403906210155705,6.06210712063138,5.01157516567873,0.0002950917959924,0.0096457130332346,0.416716428116516,"Snrpa"
"ENSMUSG00000028894",-0.721008579545324,6.79301332313854,-5.00939366142984,0.0002961774757663,0.0096457130332346,0.413014174681998,"Inpp5b"
"ENSMUSG00000022913",0.403771561820479,4.00139842405239,5.0088169994219,0.0002964651652389,0.0096457130332346,0.412035407580032,"Psmg1"
"ENSMUSG00000034192",0.418320935225457,5.08280309243591,5.00852592407959,0.0002966104903479,0.0096457130332346,0.411541348916517,"Lsm3"
"ENSMUSG00000026692",-0.697878506952277,5.51026019349962,-5.00849893998114,0.0002966239664741,0.0096457130332346,0.411495546695148,"Fmo4"
"ENSMUSG00000005732",0.518590130018572,6.48773031125556,5.00729931466897,0.0002972237203661,0.0096457130332346,0.409459228885371,"Ranbp1"
"ENSMUSG00000022682",0.395412720808192,5.4526448154976,4.99953828796356,0.0003011347012174,0.009750673954701,0.396280465460298,"Rrn3"
"ENSMUSG00000037907",0.63327950264697,3.82065966882499,4.99162810503129,0.0003051764029493,0.0098475187445929,0.3828400223366,"Ankrd13b"
"ENSMUSG00000051048",-1.72028847710743,-0.656102647623195,-4.99101416980103,0.0003054924615749,0.0098475187445929,0.381796511185486,"P4ha3"
"ENSMUSG00000071847",1.74853500041891,1.4519057809899,4.9832483050634,0.0003095201420239,0.0099452881030702,0.368592401465819,"Apcdd1"
"ENSMUSG00000038214",0.561673479057136,4.04042067755474,4.98251004877825,0.0003099059170156,0.0099452881030702,0.367336738106912,"Bend3"
