"","logFC","AveExpr","t","P.Value","adj.P.Val","B","Symbol"
"Cdc14a",1.26989088248633,5.26720667228129,14.5796693876249,1.79709619781248e-09,2.46849133731523e-05,11.4687526599932,"Cdc14a"
"Ptprj",1.87447161960578,5.99745107408271,13.3575840272287,5.28262209361877e-09,2.73722886627799e-05,10.6058355136109,"Ptprj"
"5031439G07Rik",1.44642862628977,6.24330700516912,13.2233115215149,5.97822262582555e-09,2.73722886627799e-05,10.5046304636394,"5031439G07Rik"
"Ecel1",2.61019417434791,1.8672460625349,11.6745581707521,2.70890951466226e-08,9.30239527335019e-05,9.23456035119713,"Ecel1"
"Myo19",1.47094705770319,5.18023719207218,11.167795688464,4.60809952945497e-08,0.000106202670555905,8.7741483442225,"Myo19"
"Cyp24a1",11.4028549900057,7.4176052157562,11.0739971151754,5.09535702997564e-08,0.000106202670555905,8.68628792577199,"Cyp24a1"
"4933423P22Rik",3.29207527016527,-1.33086681823235,11.0180144724427,5.41219200561543e-08,0.000106202670555905,8.63344574288841,"4933423P22Rik"
"Slc37a2",2.70778533941782,7.1654254250192,10.2575746856885,1.26009406315388e-07,0.000170659059169469,7.88464869580157,"Slc37a2"
"Top2b",0.904580107655374,6.0363460592453,10.2392549128799,1.28679989817847e-07,0.000170659059169469,7.86587226539293,"Top2b"
"Atp2b1",1.29641493695652,8.6197026742565,10.1478780515353,1.42933783824143e-07,0.000170659059169469,7.77168140227402,"Atp2b1"
"H2-Q3",1.89413484083162,1.31589271382744,10.1075900376969,1.49745493590214e-07,0.000170659059169469,7.72986720477177,"H2-Q3"
"Grin1os",1.3352854292221,0.729194702903211,10.0515492664534,1.59802769032393e-07,0.000170659059169469,7.67141077432676,"Grin1os"
"Spon2",5.32772301230726,0.155606880506545,10.0423853398884,1.61514834682812e-07,0.000170659059169469,7.66181929427954,"Spon2"
"Gm29374",5.21112704295993,-1.28806803768449,9.97679856987279,1.74354597217448e-07,0.000171066767669919,7.59290412311079,"Gm29374"
"Mmgt2",0.760872946383945,4.23178684554766,9.72133303943597,2.35766820200049e-07,0.00021174277958515,7.31992490760706,"Mmgt2"
"Ripor3",5.31787686849927,-0.315482677965398,9.64425319325055,2.58552212939404e-07,0.00021174277958515,7.23611636128602,"Ripor3"
"Brpf3",0.78324631201699,7.16098083870706,9.63304025316424,2.62057895526176e-07,0.00021174277958515,7.22386803514298,"Brpf3"
"Myo15a",2.93775369581829,-0.0336181626625428,9.23579134830298,4.25655936500333e-07,0.00032482277465381,6.78049064239272,"Myo15a"
"Pgap1",1.63027495051767,5.11178274291881,9.18239238320557,4.54880620085078e-07,0.000328854747236244,6.71946450874976,"Pgap1"
"Slc36a1",0.781360071194656,8.07056634236863,8.76816216670595,7.69062476100367e-07,0.000528192108585732,6.23419802349738,"Slc36a1"
"Vstm5",2.22474889364741,4.59901420042092,8.61595516667795,9.37027927248764e-07,0.000580176399264893,6.05048109170668,"Vstm5"
"Oxr1",1.47504572971063,4.60939243141687,8.60725434848409,9.47741326766665e-07,0.000580176399264893,6.03988932639888,"Oxr1"
"Gga3",0.701082383935962,4.42004863170145,8.57774767296,9.85054508644177e-07,0.000580176399264893,6.00389723663822,"Gga3"
"Ereg",2.104080351356,0.691250179164046,8.52710150330752,1.0527922231977e-06,0.000580176399264893,5.94185655911126,"Ereg"
"Mctp2",1.59125251719578,1.49642529885896,8.50036568883278,1.09053403369102e-06,0.000580176399264893,5.9089712295847,"Mctp2"
"Rhov",2.04914086276227,1.50121834306913,8.49507008662032,1.09817897356488e-06,0.000580176399264893,5.90244652999844,"Rhov"
"Zfp961",0.842743528306081,4.75239180041358,8.44712740548001,1.17004259358481e-06,0.000594202429925382,5.84320965553617,"Zfp961"
"Zfp239",1.00139170292696,4.42198677473099,8.42103249827738,1.21124548907329e-06,0.000594202429925382,5.81084077027454,"Zfp239"
"Gstm3",2.73516278240646,8.72068069973719,8.38302559017385,1.27404069732679e-06,0.000603455966154508,5.76353558787192,"Gstm3"
"Neo1",0.881835850508218,6.20589688212432,8.21657157887285,1.59278568095526e-06,0.000729283470453381,5.55410163259979,"Neo1"
"Pdlim2",1.51464291059163,7.0036071564707,8.15916272955008,1.72156190559495e-06,0.000762818526943622,5.48100906763072,"Pdlim2"
"Mtss1",0.978334306616821,4.55384125630442,8.13117869246271,1.78830515032879e-06,0.000767629985778632,5.44521864865826,"Mtss1"
"Gm33694",1.2844779928113,1.94587771179925,7.91025779094913,2.42242056689776e-06,0.00100831420930023,5.15891949441507,"Gm33694"
"Mgat4a",0.737482604652586,8.59563271979167,7.88093082266684,2.52310623514946e-06,0.00101933491900038,5.1204085077764,"Mgat4a"
"Entpd5",0.748798307633137,8.00764729574302,7.8488408315999,2.63839017950592e-06,0.00103545507159124,5.0781323448307,"Entpd5"
"Lpar1",0.774476810430159,5.93440220827746,7.82444189689456,2.72978208752762e-06,0.00104156352095221,5.04589258680007,"Lpar1"
"Slc30a10",1.46301349452032,8.17590638900506,7.80222643471202,2.81592152250706e-06,0.00104539183873397,5.01646568355636,"Slc30a10"
"Gnpda1",0.826458799198575,6.8249749722428,7.65298137576402,3.4748712288828e-06,0.00125306907808594,4.81697633886293,"Gnpda1"
"Chd5",2.92996216610323,1.07409050883213,7.63636420286292,3.55778203591668e-06,0.00125306907808594,4.79457020593837,"Chd5"
"Zhx2",0.73547848873112,5.19933848375033,7.61364401866937,3.67455644614657e-06,0.00126184268360673,4.76387145731406,"Zhx2"
"Orai1",1.4827836213371,5.39433954948212,7.58852652974864,3.80840022111602e-06,0.00127590696188414,4.72984804085916,"Orai1"
"Pdp2",1.34954793995714,5.86255695775387,7.53687012935748,4.10018793450786e-06,0.00131602410329133,4.65959274499168,"Pdp2"
"Soat1",1.61099209453038,4.67191039209731,7.5335457326853,4.11976095235348e-06,0.00131602410329133,4.65505832393023,"Soat1"
"Sema6d",1.05175280804432,5.30701248440007,7.50139327833104,4.31425998172412e-06,0.00134683352520369,4.61112112036341,"Sema6d"
"Arfgef2",0.754773771957798,6.75509498966219,7.46883879875812,4.52114250473495e-06,0.00138005363211198,4.56648319389705,"Arfgef2"
"Rasa2",0.553506028974317,5.59059825100757,7.41638622875685,4.87691137960442e-06,0.00143012200615955,4.4942400927892,"Rasa2"
"Faap100",0.776942583858713,3.47417330718269,7.41405461952225,4.89339940954417e-06,0.00143012200615955,4.49101953066481,"Faap100"
"Asap1",1.31591901415353,4.77130594978468,7.36323950517133,5.26781281848404e-06,0.00150747243488951,4.42063489350433,"Asap1"
"Slc30a1",1.4005905082468,5.5244187734975,7.34543428970092,5.4060906745607e-06,0.00151547064297481,4.39588398072671,"Slc30a1"
"Cdyl2",1.9616615207646,-0.835305472940584,7.22383240801093,6.45958884000344e-06,0.00177457824612574,4.22560940026303,"Cdyl2"
"Mfsd4b2",0.62536330628775,6.1203575061958,7.17973530531659,6.89362336190517e-06,0.00183958893794009,4.16332641586459,"Mfsd4b2"
"Shmt1",2.22241760536182,4.21775642134239,7.17285516690667,6.96408159383261e-06,0.00183958893794009,4.15358306168804,"Shmt1"
"Acvr1",1.04647458999478,3.90853788385773,7.15588235879825,7.1411785101561e-06,0.00185077788708498,4.12951706539593,"Acvr1"
"H2-Q5",0.917374476127056,4.59530045941031,7.11394683512078,7.59950543001897e-06,0.00190052750487402,4.06987370603998,"H2-Q5"
"Bri3bp",0.821301195345836,6.37786897921213,7.11303078437436,7.60985823879376e-06,0.00190052750487402,4.0685679389461,"Bri3bp"
"Prr5",0.975188886576211,5.26118881268086,7.09947772375539,7.76478618517663e-06,0.0019045911257069,4.04923447251839,"Prr5"
"Aplp1",0.841975825844375,7.67150723530126,7.07697864297077,8.02939654607965e-06,0.0019059759248419,4.01707940621115,"Aplp1"
"Gm42546",1.88479061632905,0.0806242895664636,7.06569646807983,8.16566368781795e-06,0.0019059759248419,4.00092697125359,"Gm42546"
"Gm2061",2.43913735370314,4.97428569111268,7.05466597955068,8.30125956250485e-06,0.0019059759248419,3.98511660171054,"Gm2061"
"Adamtsl5",0.812867890371058,7.32518419799986,7.05271716756272,8.32546268859303e-06,0.0019059759248419,3.98232142560629,"Adamtsl5"
"Gm31848",1.24209195407909,0.468681007354447,6.98184074732933,9.25847365319035e-06,0.00208482613279054,3.88027955085668,"Gm31848"
"Micall2",0.936651774954131,5.87995926581316,6.93008399425324,1.00093746012666e-05,0.00221756079875804,3.80529113755943,"Micall2"
"Fam210a",1.00265819039048,5.5425116869456,6.90214065600296,1.04413267538943e-05,0.00227654070303957,3.76463847137578,"Fam210a"
"Adgrg6",1.53718523897705,-0.805592748809563,6.88192260302684,1.07661305059381e-05,0.00231068075983695,3.7351517561895,"Adgrg6"
"Slc35f2",0.986554407176445,6.85143076232212,6.83136475818483,1.1626015011236e-05,0.00241598043939578,3.66114772553975,"Slc35f2"
"Chad",1.32529186652621,0.766395257851416,6.82748454763016,1.16949439745111e-05,0.00241598043939578,3.6554521852923,"Chad"
"Vsir",2.07347587866677,1.83431439340633,6.81790601647887,1.18669556732834e-05,0.00241598043939578,3.64138270010707,"Vsir"
"Usp40",0.521449455742621,5.18090468522808,6.80400240577734,1.21214122437238e-05,0.00241598043939578,3.62093570617101,"Usp40"
"Gm15823",1.44559049220842,-0.643448296267475,6.80320466529477,1.21361859579433e-05,0.00241598043939578,3.61976164565239,"Gm15823"
"Ttc39b",1.28104621248228,5.52982448799696,6.79209547598876,1.23439120880846e-05,0.00242222823488472,3.60340192120003,"Ttc39b"
"Nptx1",2.20320944265166,-1.2384143529932,6.74353958116868,1.32969532372028e-05,0.00257249224881996,3.53167846802983,"Nptx1"
"Tm4sf4",-0.745676051422005,5.76131803874548,-6.73427390749471,1.34874926312678e-05,0.00257311387198743,3.51795137908599,"Tm4sf4"
"Ifngr1",-0.670312605827352,6.28133406366107,-6.71352603457287,1.3924693961711e-05,0.00258726089827467,3.4871663257258,"Ifngr1"
"Arhgap32",0.998893964383074,7.47289017094199,6.71288866269073,1.39383595276882e-05,0.00258726089827467,3.4862195816986,"Arhgap32"
"Ccdc134",1.29328636188044,3.43038760256865,6.6707848787256,1.48732301708647e-05,0.00268443254494138,3.42354287418229,"Ccdc134"
"Ppp1r15b",0.812659263097907,7.84500490407942,6.668807964725,1.49187223135482e-05,0.00268443254494138,3.42059338847837,"Ppp1r15b"
"Nedd9",0.922257910252154,5.5454790432849,6.66321843581641,1.50481439982882e-05,0.00268443254494138,3.41225080197543,"Nedd9"
"Gm26616",0.6005478395276,2.40588306033375,6.61046531375869,1.63296680986964e-05,0.00284679667498847,3.33328115336391,"Gm26616"
"Gm4755",1.17951127788335,0.987130836789124,6.60876626591609,1.63728113951725e-05,0.00284679667498847,3.33073070878051,"Gm4755"
"Kbtbd11",0.732428039293938,6.49766300354605,6.59506081197291,1.67252620572364e-05,0.00287172749522748,3.3101413708015,"Kbtbd11"
"Suz12",0.786782478132792,6.00837519543847,6.55540390477385,1.77909535020347e-05,0.00301699428770307,3.25040487742729,"Suz12"
"Ythdc2",0.787404761383531,4.26917322528656,6.50787164795539,1.91635098804573e-05,0.0032101216063166,3.17848987039545,"Ythdc2"
"Snx8",1.8755668511677,0.57506693980716,6.4845736898166,1.98766795625891e-05,0.00328947072857499,3.14311487594287,"Snx8"
"Helq",1.00876411065725,2.73977569486294,6.44952599638187,2.10027519023521e-05,0.00343445000155605,3.08974332964155,"Helq"
"Gstm1",2.1625351867986,7.12471148253662,6.42091793148347,2.19717824985216e-05,0.00351608710903311,3.04603912770146,"Gstm1"
"Slc39a8",1.33162152556163,3.35158173478823,6.41970370726259,2.20139408398986e-05,0.00351608710903311,3.04418140457109,"Slc39a8"
"4933412E12Rik",1.596402293889,0.430047640214569,6.38952360114188,2.30896975312275e-05,0.00364551822171196,2.99793439829002,"4933412E12Rik"
"Trim13",1.02807351276299,1.22737004745967,6.37485462265342,2.36324615481131e-05,0.00368881240710093,2.97540582400505,"Trim13"
"Abcb10",0.774367211834589,6.16371276708129,6.33670893387849,2.51078341509253e-05,0.00387506977412483,2.91666763910485,"Abcb10"
"Cnnm2",1.17668654067161,4.33324474337265,6.32445450479386,2.56021679523624e-05,0.00390745976659611,2.89775052946112,"Cnnm2"
"Pfdn4",0.925565926991825,2.14494167971283,6.28736016943347,2.71620586091548e-05,0.00406531844909063,2.84034799693213,"Pfdn4"
"Sephs2",-0.507300763278113,7.45607696929048,-6.28583273709373,2.72283996299023e-05,0.00406531844909063,2.83797981665767,"Sephs2"
"Ate1",0.887381816800326,4.69388270212666,6.27232245126772,2.78226822618023e-05,0.00410938025320555,2.81701747261309,"Ate1"
"Ahctf1",0.7923288970823,5.17517828500178,6.26267535797493,2.82553896285308e-05,0.0041288939567819,2.80203208323237,"Ahctf1"
"Ly75",0.554585467052325,6.44309019315535,6.25019313732988,2.88258142803589e-05,0.00416790931531589,2.78262156472468,"Ly75"
"Dhrs9",1.68842509348132,1.2304838288395,6.22068553173752,3.02230776042288e-05,0.00432441868720508,2.73664073454528,"Dhrs9"
"Tex12",0.980170805862277,0.962334041069339,6.19227903802939,3.16357453752199e-05,0.00447988245849506,2.69224967761805,"Tex12"
"Abhd12b",1.31955046018285,-0.626547306649468,6.18279464375181,3.2122761234628e-05,0.00450243110529439,2.67740080070078,"Abhd12b"
"Igsf3",0.618570573477308,6.41654601817672,6.09510526230214,3.70179523215899e-05,0.00513614740494302,2.53946042612427,"Igsf3"
"Tsku",1.19154761729595,6.54191316246935,6.05715191329249,3.93747137079876e-05,0.00540851067492918,2.4793924175679,"Tsku"
"Ppard",0.935342791195989,8.83630626176491,6.03006092654785,4.1153233306281e-05,0.00559683972965422,2.43638117143061,"Ppard"
"Gm50431",1.33104102595383,1.90547334015964,6.00806216433564,4.26595926739753e-05,0.00571673400058081,2.40137202027724,"Gm50431"
"Xpc",0.634551839709727,2.71454668160301,6.00509477882499,4.28671812798357e-05,0.00571673400058081,2.39664401373729,"Xpc"
"Ank3",1.3379542042904,7.1993626632186,5.96850159345489,4.55162936013849e-05,0.00594131208320851,2.33822855010297,"Ank3"
"Arl4d",-1.04865176225079,3.15652285806548,-5.96771669972596,4.55749663359281e-05,0.00594131208320851,2.33697334452529,"Arl4d"
"Cracd",0.678642385765501,7.87967377015571,5.96406752796817,4.58487973806131e-05,0.00594131208320851,2.33113633661601,"Cracd"
"Fam118a",0.67756153483193,5.34793036920777,5.94169900295851,4.75655677108383e-05,0.00610617418762686,2.29531246853291,"Fam118a"
"9930012K11Rik",1.94397476332482,1.67837126328077,5.90899331231898,5.01983851784913e-05,0.00633806150964191,2.24279583932043,"9930012K11Rik"
"Ripk2",0.950469670987234,1.72964543985921,5.90783068021352,5.02947513505364e-05,0.00633806150964191,2.2409259582608,"Ripk2"
"Mast4",0.920747051009469,3.98095276627926,5.86161571703998,5.42872410146272e-05,0.00677899584160835,2.16643079377118,"Mast4"
"Tmem53",0.822458596705396,2.30761099922973,5.85472227183761,5.49107378147911e-05,0.00679508013174749,2.15529118283914,"Tmem53"
"Id2",-0.703427264530407,5.40285210461205,-5.84575111221747,5.5733448949596e-05,0.00683530941760403,2.14078321633908,"Id2"
"Myo7a",0.606079139243003,6.09266149771016,5.8097160572486,5.91708668409681e-05,0.00719266395511096,2.08238480751971,"Myo7a"
"Gdpd5",1.73274261806205,4.66441795838277,5.80270256507485,5.98654018605871e-05,0.0072132557890967,2.07099580884154,"Gdpd5"
"Krt7",0.896173099774289,4.95995806500348,5.78717085853883,6.14341389418799e-05,0.00733790723917967,2.04574776661597,"Krt7"
"Dus2",0.802167368911265,1.7563591150871,5.78169451934484,6.19975068866928e-05,0.00734135995341045,2.03683680950481,"Dus2"
"Arhgap42",0.485239185838188,5.62060684394254,5.77522752760243,6.26697804808197e-05,0.00735753935627812,2.02630803303791,"Arhgap42"
"Plekhg6",0.545391374200415,7.11656031911273,5.75105786566116,6.5250877269343e-05,0.00753579622984993,1.98690180681185,"Plekhg6"
"4931406C07Rik",0.948199765818259,8.41741109632518,5.75074177122672,6.52853633774128e-05,0.00753579622984993,1.98638586033479,"4931406C07Rik"
"A130014A01Rik",0.61108680907155,3.56685457393379,5.72821383585752,6.77931359492258e-05,0.00776005429498805,1.94957561642914,"A130014A01Rik"
"Ovol2",-0.815171952051453,3.12156534738951,-5.71063701178107,6.9819907116621e-05,0.00787076469713337,1.9208021260588,"Ovol2"
"Snrk",0.588661902783295,5.80407784750211,5.70575838818045,7.03936626393042e-05,0.00787076469713337,1.91280748428136,"Snrk"
"Ccp110",0.741601137940982,1.78602846857656,5.70503355594801,7.04793286071203e-05,0.00787076469713337,1.91161938907438,"Ccp110"
"Rusf1",0.476520061904642,5.49198896684696,5.66527879716637,7.53495012708983e-05,0.00834678023755693,1.84633480961193,"Rusf1"
"Rab11fip3",0.702423040794245,7.45261726238875,5.65640791485925,7.64836607215088e-05,0.00840463650936516,1.83173472191007,"Rab11fip3"
"Hopxos",1.41211521184319,0.649516397944208,5.59507247766137,8.4832169363245e-05,0.00924805300296455,1.73046286314523,"Hopxos"
"Ppl",0.805805179240668,2.9096350762288,5.58724864355268,8.59638829595451e-05,0.00929763697899458,1.7175042762721,"Ppl"
"Gm15832",1.10925572994179,-0.494425522098875,5.57463723173278,8.78215612659991e-05,0.00942435129335752,1.69659678090624,"Gm15832"
"Gm11534",0.920653879363256,0.315045105106482,5.55241594396057,9.11979179804059e-05,0.00971081086340198,1.65970003277818,"Gm11534"
"Arhgap12",0.657141237242975,6.33871088383532,5.53486950148221,9.39599978663804e-05,0.00992795792840462,1.63051351129279,"Arhgap12"
"Ppox",0.891986891976633,4.65049876004808,5.51826360903213,9.66548363163527e-05,0.0101347391728353,1.60284930654706,"Ppox"
"Slc30a5",0.401346942907979,7.08221504185183,5.47351375520916,0.000104327864376947,0.0107853517315911,1.52809566172275,"Slc30a5"
"Pip5k1b",0.497510669570071,6.28775291940543,5.47294107785002,0.000104430094663776,0.0107853517315911,1.52713709595758,"Pip5k1b"
"Sdc1",0.837923996927679,5.31838442996507,5.46406266032677,0.00010602849925548,0.0108687124311438,1.51226991813568,"Sdc1"
"A430033K04Rik",0.799206499854661,1.47956241119579,5.45934579122257,0.0001068880921927,0.0108753078458742,1.50436664505222,"A430033K04Rik"
"Ttc22",0.854124141353916,6.27316053080723,5.45505533650569,0.000107676315305685,0.0108753078458742,1.49717499301021,"Ttc22"
"1700034H15Rik",1.48134943194395,0.289764436379442,5.446147728572,0.00010933228130602,0.0109619577811642,1.4822354118024,"1700034H15Rik"
"Adh4",-1.09534538782518,3.44926627677653,-5.42244921047552,0.000113869101757289,0.0113341013169429,1.44243207287504,"Adh4"
"Lrrc26",1.07535856912193,4.15378539490332,5.4157278527228,0.000115191395324932,0.0113832302603113,1.43112805237145,"Lrrc26"
"Mob1b",0.649850293888711,6.43708460662815,5.40380833530712,0.000117576001411615,0.0115358853956425,1.41106543750333,"Mob1b"
"Sdr42e1",0.765995194955023,3.57019809074494,5.3914471335306,0.000120103614934098,0.0116381119553631,1.39023740562705,"Sdr42e1"
"Lrat",-0.731429306698093,4.2943062611811,-5.39043800713551,0.000120312456148919,0.0116381119553631,1.38853608883767,"Lrat"
"Cldn2",2.05226143468505,6.33105001671731,5.36776833612327,0.000125105544410421,0.0120041904062762,1.35027738993828,"Cldn2"
"Ppp1r14d",0.953173123390918,6.86291499397176,5.36205921555469,0.000126343850460784,0.0120041904062762,1.34063051543238,"Ppp1r14d"
"Dapk2",1.16888480263214,3.3432705242054,5.35960230863463,0.000126880693239406,0.0120041904062762,1.3364775435999,"Dapk2"
"Gm8688",1.09298370937986,2.13489584885299,5.3563609789447,0.000127592588767933,0.0120041904062762,1.3309972973869,"Gm8688"
"Maf",0.558540023125619,8.99605362319469,5.33687790648262,0.000131960644643266,0.012330689896734,1.29802428853856,"Maf"
"Bach1",0.797310073254275,7.45680093437166,5.33106459480882,0.000133294060003886,0.0123711297852255,1.28817520347756,"Bach1"
"H2-Q1",0.554251499623037,8.35949993764573,5.31659469582265,0.000136674618225549,0.0125997486976251,1.26363860012148,"H2-Q1"
"Sh3d21",-0.559030777721222,4.27427606298845,-5.31150834787254,0.000137884123008957,0.0126265087576735,1.25500648155662,"Sh3d21"
"Nup160",0.637350059914963,3.08689178566455,5.30385808354358,0.000139724433308848,0.0127102967942406,1.24201605849071,"Nup160"
"Arhgap18",0.460443416102904,6.3942200108155,5.29996566005914,0.000140670616577271,0.0127121815085881,1.23540333917591,"Arhgap18"
"Crlf3",0.555460044459668,4.27565104196289,5.29045715726372,0.000143010255725791,0.0128391429584932,1.21924044226809,"Crlf3"
"Hopx",0.984460374354237,5.61497735017802,5.27309044113829,0.000147389080347693,0.0131463403094539,1.18968625627875,"Hopx"
"Pkp1",2.79189671806455,2.44846147671583,5.22703551293891,0.000159693427384166,0.0140703675473617,1.11110177271644,"Pkp1"
"Zfp516",0.96495594190473,3.46409380534317,5.22354655588892,0.00016066827600867,0.0140703675473617,1.10513614139849,"Zfp516"
"2410017I17Rik",1.00593988640566,2.45879489262602,5.21841067770202,0.000162114617518437,0.0140703675473617,1.09635134910457,"2410017I17Rik"
"Tlr5",1.73476495644298,-0.998868367515172,5.21575394093478,0.000162868126803842,0.0140703675473617,1.09180559323088,"Tlr5"
"Zc3h12d",-0.580277690231624,3.8824158089025,-5.213212024606,0.000163592495924901,0.0140703675473617,1.08745535861574,"Zc3h12d"
"Shroom1",1.52735943471746,2.75178511349123,5.21215471325229,0.000163894787971598,0.0140703675473617,1.08564560579872,"Shroom1"
"9630028B13Rik",1.1977699217279,1.16596050852526,5.19393475343418,0.000169196664926675,0.0144353129778436,1.05443437152759,"9630028B13Rik"
"P2ry2",1.26114347423342,5.28532006244507,5.17578306540398,0.000174657048342143,0.0148091926915289,1.02329332032874,"P2ry2"
"Atosb",0.588319205635349,7.44832524116489,5.17105435136204,0.000176109536626293,0.0148220234509106,1.01517309034503,"Atosb"
"Sox13",-0.536041732101364,5.43354539334137,-5.16537594055127,0.000177870419842437,0.0148220234509106,1.00541785708359,"Sox13"
"Tubb2a",-0.947464122372409,3.98831701129251,-5.16481435591056,0.00017804556416717,0.0148220234509106,1.00445283507282,"Tubb2a"
"Rybp",1.46549294745187,6.93536225062344,5.16134815989941,0.000179130577766345,0.0148225157602321,0.998495571737485,"Rybp"
"Acot11",-0.557568918070298,6.28018304625693,-5.14902417507839,0.00018304455646954,0.0150556887884167,0.977300961732841,"Acot11"
"Epb41l4a",1.34898301338348,0.623096743210996,5.13908778641346,0.000186265227626709,0.0152293998016695,0.960196972275665,"Epb41l4a"
"Rab4a",-0.592677830124219,5.57754240818658,-5.12144505308483,0.000192130327312655,0.0156159892069031,0.929793601926656,"Rab4a"
"Mbd6",0.507095148346998,6.10372110936151,5.11229582160411,0.000195247452666528,0.0157759941754555,0.914009792030617,"Mbd6"
"Ankrd9",-0.651189608032603,5.25435704857799,-5.10653990820389,0.000197235484162507,0.0158434304705041,0.904073991159681,"Ankrd9"
"A330049N07Rik",1.51733895389545,-0.775724865078753,5.10124897118662,0.000199081550985068,0.0158987452577378,0.894936760894962,"A330049N07Rik"
"Lrrc42",-0.641899705111274,3.03359859763254,-5.06650757668242,0.00021165971582317,0.0168055367430466,0.834843357951556,"Lrrc42"
"Tnk2",0.895185672118973,5.21435159822733,5.0337325885988,0.000224286796015344,0.0177057668394641,0.777998720175084,"Tnk2"
"Abhd17c",-0.384350502635015,7.21488590377386,-5.02224917517344,0.000228894675695579,0.0179347801891962,0.758047165679725,"Abhd17c"
"Bid",-1.04401102442401,2.38590488755213,-5.02002338648498,0.000229799163752077,0.0179347801891962,0.754177944659692,"Bid"
"Pacc1",1.06531632946228,2.3078134132853,5.00247104948907,0.000237063696553923,0.0183972143269191,0.723642036026104,"Pacc1"
"Adgrg1",1.01605341524698,4.49764434634062,4.9858642387115,0.000244157388132677,0.0187484434626792,0.69471256265686,"Adgrg1"
"Tdp2",-0.664963195856631,6.03736669002514,-4.98549083814539,0.000244319407383488,0.0187484434626792,0.694061660627566,"Tdp2"
"Serp2",3.22932707280976,-1.01523519740576,4.96402373041168,0.000253824936678656,0.0193696629456557,0.656609146053476,"Serp2"
"Tmem218",1.00464934957919,0.991706262930726,4.9354469271096,0.000267080044297435,0.0202685717595003,0.60665672894253,"Tmem218"
"Dmd",0.824969232476577,2.33143098378383,4.92387348764783,0.000272651542242862,0.0205777010123514,0.586395277919324,"Dmd"
"Fzd8",0.920783174540294,2.37405701511286,4.88544942969221,0.000292032724247139,0.021920008198135,0.518999609265436,"Fzd8"
"Tert",0.727468246921837,1.27209931169297,4.87570005225598,0.0002971747925261,0.022184744294231,0.5018683161358,"Tert"
"Grin1",1.34232332744859,-0.62244623551054,4.84227845533498,0.000315528734788696,0.0234275821678785,0.443046785519813,"Grin1"
"Selenbp2",-0.718438981337883,-0.687396194930652,-4.83631208052597,0.000318927376867059,0.0235526153153006,0.4325307946399,"Selenbp2"
"Ttc28",1.42081095054894,-0.389709302959471,4.82925434160057,0.000322996902775853,0.0237255906766263,0.420085290813407,"Ttc28"
"Bag3",0.722848712565292,5.70210693755874,4.8228341784745,0.000326745703020894,0.0238732924292287,0.408758501400005,"Bag3"
"Bcl9l",1.13992238149481,6.3619976905331,4.81633278571068,0.000330588058612151,0.0239766488086685,0.397283000751093,"Bcl9l"
"Adap2",0.893369165026823,4.9242640029571,4.81454749510601,0.000331651374027884,0.0239766488086685,0.394130864249107,"Adap2"
"Trib1",0.528319392968671,4.73086151718007,4.81069114116023,0.000333960363447246,0.0240171704309496,0.387320631955096,"Trib1"
"Gm30143",-1.24313501364677,-0.747708723635037,-4.80095380806279,0.000339865260135785,0.0243145271522143,0.37011625653348,"Gm30143"
"Idh1",0.84938174625152,8.43706097385822,4.76919546524027,0.000359889661458202,0.0256137015015019,0.313920266100116,"Idh1"
"Anxa7",-0.409963423608275,6.3813102065517,-4.76127333762971,0.000365073267695796,0.0257289758724411,0.299882275450794,"Anxa7"
"Tmem164",0.503384019816391,4.85009475826758,4.76099687925625,0.000365255554391819,0.0257289758724411,0.299392249228576,"Tmem164"
"Mios",0.517739101281092,2.63029043975232,4.74300386591108,0.000377325186456871,0.0264435651080182,0.267478766706984,"Mios"
"Gm8281",1.9432688032947,-0.641575502584782,4.73284515327494,0.000384321863731458,0.0267971833513467,0.249442792337538,"Gm8281"
"Gm12343",1.5323172077609,-0.836057377180772,4.72257599180309,0.000391531650363098,0.0271620138857956,0.231197678881197,"Gm12343"
"Slc25a51",0.672002876413824,7.26113366966124,4.70967260313323,0.00040079045259432,0.0276646113408823,0.208253848553565,"Slc25a51"
"Mast3",-0.548668283119161,5.13325634725391,-4.68237078072517,0.000421137802478273,0.0289237442742078,0.159640317974003,"Mast3"
"Gm52958",1.45106738767626,0.816671787775419,4.67002340675939,0.000430689247635287,0.0294325746543199,0.137624745461365,"Gm52958"
"S100g",1.21349840960374,7.92557704934738,4.66606308940172,0.000433800180614176,0.0294984122817639,0.130559516607501,"S100g"
"Fhl2",-0.604778393572584,4.11676757653863,-4.65032410797905,0.000446395814793392,0.0302053838029657,0.102462365887827,"Fhl2"
"Adap2os",1.07867262069354,2.14457508497601,4.64735733003173,0.00044881226058138,0.0302200255458129,0.0971627497482332,"Adap2os"
"Mical3",-0.466332355520349,3.3796749448445,-4.64007978899112,0.000454797460685299,0.0304543134669251,0.0841582611781462,"Mical3"
"Dvl1",0.438805188922955,6.24733751847364,4.63775595562625,0.000456726017340316,0.0304543134669251,0.0800043887132684,"Dvl1"
"Ptgr1",-0.766584791475308,6.53007414648123,-4.62843509169456,0.000464547059863456,0.0308261759144176,0.0633367892890409,"Ptgr1"
"Top3a",0.519769495833623,2.05352645444637,4.61651656083208,0.00047475056042224,0.0313517966248071,0.0420089903014151,"Top3a"
"Grin2d",0.421246027148428,3.30686832480145,4.61263117558857,0.000478126848077952,0.03135287560112,0.0350525931503274,"Grin2d"
"Gm16867",1.19990670360736,1.52059717433994,4.61040214534366,0.000480075037807061,0.03135287560112,0.031060931031516,"Gm16867"
"Gm13195",0.978729054122142,-0.476138295185572,4.60864738635419,0.000481614498532056,0.03135287560112,0.0279181636676125,"Gm13195"
"Kdm7a",0.720689935765817,5.65936432171379,4.59862271362728,0.000490507863631919,0.0317812076172077,0.00995706402230656,"Kdm7a"
"Fam20a",0.413493450188196,5.41914577881328,4.5816836654095,0.000505924085998048,0.0326261654707473,-0.0204191854421572,"Fam20a"
"Gm57252",3.71688771951052,-2.04456289804785,4.5627654995139,0.000523736381368803,0.0336170230583265,-0.0543839299576057,"Gm57252"
"Pigf",-0.592045482638619,4.05510288126932,-4.54429844088304,0.000541751089409061,0.0346115951819668,-0.0875785143395387,"Pigf"
"Extl1",1.06521482047443,3.65992086481091,4.54047026133104,0.000545565124722821,0.0346939007092253,-0.0944645536914139,"Extl1"
"Sorbs3",2.45081542277297,-0.0507091249783136,4.53662107995523,0.000549428124832842,0.0347785471092347,-0.101390051364577,"Sorbs3"
"Ccn1",-0.878667327304432,0.0700486758673885,-4.52211200930136,0.000564245698242627,0.0355526555553244,-0.12751005018819,"Ccn1"
"Slc11a2",-0.791328193650985,6.69637128652661,-4.50986818405902,0.000577071523309621,0.0361947691515112,-0.149570484870014,"Slc11a2"
"Nfatc3",0.587313495895942,6.29196155658552,4.50558924006715,0.000581624701811994,0.0363145313822252,-0.157284074456506,"Nfatc3"
"Stard5",1.12688256866362,3.34806688877931,4.49957440227563,0.0005880879770781,0.0365118405712059,-0.168130387017079,"Stard5"
"Pramel34",2.30160964769314,0.43526451004144,4.49771492543041,0.000590101092516577,0.0365118405712059,-0.171484320658457,"Pramel34"
"Mapre2",1.1831315240439,5.27560512146512,4.49128627014252,0.00059711602473608,0.036702639866128,-0.183082625943292,"Mapre2"
"Ephx1",1.44186686884863,4.40967986453026,4.49000104240028,0.00059852878057751,0.036702639866128,-0.185401927968749,"Ephx1"
"Synpo",0.426505203101119,7.98618554362579,4.48718148554142,0.000601640239590492,0.0367294681378444,-0.190490696109009,"Synpo"
"Gm29681",0.922392928001292,-0.663539572679254,4.48183565552473,0.000607585536710581,0.0369282961604272,-0.200141318526555,"Gm29681"
"Spns2",0.692967068931638,6.91628588854335,4.46842782139597,0.000622765767545772,0.0376841875903468,-0.224359779735859,"Spns2"
"Acer1",-0.716616312500055,2.92125102471883,-4.45653168317029,0.000636562844440479,0.0381940035924618,-0.24586410955854,"Acer1"
"Rps6ka5",-0.446875204812989,4.08114159223851,-4.45637036436666,0.000636752098330937,0.0381940035924618,-0.246155826863119,"Rps6ka5"
"Slc25a30",0.720890131230447,2.28179186569258,4.45001305443556,0.00064425679785981,0.0384761364147929,-0.257654170217679,"Slc25a30"
"Nr1h2",0.367976697941742,6.67549441449615,4.44001947018052,0.000656239449105991,0.0390110892633642,-0.275738182417585,"Nr1h2"
"Slc34a2",3.34515764247938,4.86108471708768,4.43671557834011,0.000660251414925167,0.0390110892633642,-0.281719139041677,"Slc34a2"
"Car6",1.74026609744396,-1.53855471318412,4.43549957183633,0.000661734405821481,0.0390110892633642,-0.283920740816357,"Car6"
"Tvp23a",1.05685126621557,1.46829292185263,4.4175555591092,0.000684022893976007,0.0401527285113437,-0.316427014545906,"Tvp23a"
"Chmp1b",0.628522341175212,6.83307866283199,4.41025555001494,0.000693311031214492,0.0405247673394139,-0.329661023496541,"Chmp1b"
"Bcl2l14",-0.47206718008226,5.02311502955551,-4.39464697686294,0.000713610316832881,0.0415345394576969,-0.35797619255511,"Bcl2l14"
"Fgl2",0.804631411582351,6.57168260261967,4.38987638467993,0.000719936322166217,0.0416389484787005,-0.366635489384658,"Fgl2"
"Klhl42",0.961823746275645,2.22094525734232,4.38728984397047,0.000723390372367602,0.0416389484787005,-0.37133141239023,"Klhl42"
"Ppp2r3a",-0.559775217865957,4.23629078773964,-4.38646287959183,0.000724498302738019,0.0416389484787005,-0.372832931047261,"Ppp2r3a"
"Als2cl",0.675633326778729,5.02559155700983,4.35805333344239,0.000763643921239512,0.04352598463551,-0.424458813674503,"Als2cl"
"B3gnt6",1.61236668386251,0.808481526831706,4.35803536617016,0.000763669357684763,0.04352598463551,-0.424491489904873,"B3gnt6"
"Rag2",0.824415678770238,-0.451753890562657,4.35110174460365,0.000773550945573263,0.0438831135373069,-0.437103779284584,"Rag2"
"Ttyh2",0.605685176098285,7.37885442732397,4.34917188392662,0.000776324737155327,0.0438831135373069,-0.44061506833955,"Ttyh2"
"Npc1l1",0.464866961654071,10.5046364814669,4.34517433120358,0.000782103130757372,0.044013675094403,-0.447889616577511,"Npc1l1"
"Lrrc1",0.559675661817988,6.38247965158637,4.34315219540667,0.000785042981809022,0.044013675094403,-0.451570010460163,"Lrrc1"
"Hnrnpf",0.339329405913341,7.97303549850319,4.32253275386269,0.00081567935159204,0.0455454129002775,-0.489121774854221,"Hnrnpf"
"Dennd6a",0.465123483650385,5.70638799536023,4.31508938274992,0.000827039464590632,0.0459927695773964,-0.502687852779702,"Dennd6a"
"Gm43863",0.995718719776141,1.90957119846177,4.3115607058438,0.00083248185287192,0.046108752947777,-0.509121020672565,"Gm43863"
"2810459M11Rik",-0.670090873081377,3.10949334383067,-4.30612573332147,0.000840936751001773,0.0463899888022504,-0.51903195779142,"2810459M11Rik"
"Specc1",0.618939013237346,6.29571451183061,4.30021250525037,0.000850236304438076,0.0467153835110457,-0.529818284753812,"Specc1"
"Dync1li1",0.331696328330755,6.20161590410803,4.2959737924821,0.00085696760649708,0.0468582760583912,-0.53755221271934,"Dync1li1"
"Gpatch1",-0.400114374534369,3.24442852512159,-4.29030771928905,0.000866051559626376,0.0468582760583912,-0.547893202835123,"Gpatch1"
"G3bp2",0.299800037622957,6.98903246435859,4.28865082758364,0.000868726636907332,0.0468582760583912,-0.550917733015883,"G3bp2"
"Gm42067",-0.7574938220249,-0.412561069758615,-4.28610296314482,0.000872856837211575,0.0468582760583912,-0.555569180546472,"Gm42067"
"Gm9895",0.631665089114657,2.73634822074077,4.28587677466816,0.000873224475724719,0.0468582760583912,-0.555982146185293,"Gm9895"
"Gm45838",1.37125385892053,-0.304290092018388,4.28384186346982,0.000876539133455376,0.0468582760583912,-0.559697623811311,"Gm45838"
"Gm29899",1.01105051742483,-0.831761887698007,4.28316644249135,0.000877642188646556,0.0468582760583912,-0.560930940389605,"Gm29899"
"Serpinb5",-1.24765167737941,0.247749864743298,-4.28164766990301,0.000880127782692554,0.0468582760583912,-0.563704373561896,"Serpinb5"
"Cebpg",-0.362773223710941,6.06060039572791,-4.27770509621238,0.000886614050039032,0.0470213536345025,-0.570904940917322,"Cebpg"
"Defa37",-4.98578448702808,-1.52141302775146,-4.27072685697353,0.000898215611054184,0.047453421667078,-0.583653354773965,"Defa37"
"Tnfsfm13",-0.544948725971605,2.89768582933224,-4.26614522944952,0.000905917712798449,0.0475221496519844,-0.592025949820881,"Tnfsfm13"
"Nusap1",-1.69839835478416,3.11377185585162,-4.26583843989259,0.000906435877170931,0.0475221496519844,-0.592586656407994,"Nusap1"
"Btbd3",0.43771214165006,3.45411493705466,4.25873568915852,0.000918518127107742,0.0479724904713002,-0.605570533277375,"Btbd3"
"Srpk1",0.412392370724111,6.21933128819547,4.25514784021776,0.000924684263208417,0.0481116024220864,-0.612130942281778,"Srpk1"
"Mfsd4b4",0.765450374230795,0.694683340064207,4.24182225578745,0.000947961682146822,0.0491366100602594,-0.636507356866811,"Mfsd4b4"
"Zfyve21",0.450968347441203,5.61169068614479,4.23577204446858,0.000958728769123444,0.0495078886190963,-0.647580388275841,"Zfyve21"
"Airn",1.01454502422157,0.590885546997958,4.22803298328622,0.000972685248078019,0.0499020346693703,-0.661749223240169,"Airn"
"Arap2",0.400015025121659,5.53607408598235,4.22751470161379,0.000973627350858419,0.0499020346693703,-0.662698299350116,"Arap2"
"Rrn3",0.497282160174953,4.5365036906491,4.22307397158888,0.00098173807548413,0.0499550517349284,-0.670831153566969,"Rrn3"
"Sphk1",-0.875622252635681,3.45806345815712,-4.22296643232261,0.000981935350060475,0.0499550517349284,-0.671028125616404,"Sphk1"
